,Entity,Code,Year,DALYs (Disability-Adjusted Life Years) - Mental disorders - Sex: Both - Age: All Ages (Percent)
2280,Greece,GRC,1990,8.20887703680215
2281,Greece,GRC,1991,8.17830062952094
2282,Greece,GRC,1992,8.16880216077841
2283,Greece,GRC,1993,8.220222824625251
2284,Greece,GRC,1994,8.23376072988418
2285,Greece,GRC,1995,8.23466423267204
2286,Greece,GRC,1996,8.33982814580439
2287,Greece,GRC,1997,8.595949247300739
2288,Greece,GRC,1998,8.83878039352014
2289,Greece,GRC,1999,9.02169413709585
2290,Greece,GRC,2000,9.14797208551626
2291,Greece,GRC,2001,9.17214723103358
2292,Greece,GRC,2002,9.11271815205479
2293,Greece,GRC,2003,8.998803511544331
2294,Greece,GRC,2004,8.88142002987594
2295,Greece,GRC,2005,8.82991456283008
2296,Greece,GRC,2006,8.84742564133121
2297,Greece,GRC,2007,8.70741223826496
2298,Greece,GRC,2008,8.76737431581521
2299,Greece,GRC,2009,8.74570579201006
2300,Greece,GRC,2010,8.75193133339636
2301,Greece,GRC,2011,8.594414966505349
2302,Greece,GRC,2012,8.34054289025117
2303,Greece,GRC,2013,8.17611766013194
2304,Greece,GRC,2014,7.981130716980591
2305,Greece,GRC,2015,7.75828064645491
2306,Greece,GRC,2016,7.703282923522551
2307,Greece,GRC,2017,7.698110151424211
2308,Greece,GRC,2018,7.62148809291275
2309,Greece,GRC,2019,7.64131643502141
2310,Greenland,GRL,1990,6.3872672993753
2311,Greenland,GRL,1991,6.385870841654551
2312,Greenland,GRL,1992,6.39533422244664
2313,Greenland,GRL,1993,6.2625280235069205
2314,Greenland,GRL,1994,6.27147025790493
2315,Greenland,GRL,1995,6.28667331906362
2316,Greenland,GRL,1996,6.34115895255363
2317,Greenland,GRL,1997,6.39743335130647
2318,Greenland,GRL,1998,6.47981883352914
2319,Greenland,GRL,1999,6.52751093034122
2320,Greenland,GRL,2000,6.594812988169379
2321,Greenland,GRL,2001,6.661935509762911
2322,Greenland,GRL,2002,6.70075617732276
2323,Greenland,GRL,2003,6.7994735547471805
2324,Greenland,GRL,2004,6.996330740280079
2325,Greenland,GRL,2005,7.0290741316426
2326,Greenland,GRL,2006,7.04335891261726
2327,Greenland,GRL,2007,7.05223558149537
2328,Greenland,GRL,2008,7.066734584897739
2329,Greenland,GRL,2009,7.083114536943549
2330,Greenland,GRL,2010,7.11261852048435
2331,Greenland,GRL,2011,7.14385880204744
2332,Greenland,GRL,2012,7.18692320057151
2333,Greenland,GRL,2013,7.1804504071561
2334,Greenland,GRL,2014,7.1690402999743
2335,Greenland,GRL,2015,7.1853510127918
2336,Greenland,GRL,2016,7.14997113443603
2337,Greenland,GRL,2017,7.12362749128216
2338,Greenland,GRL,2018,7.05987055214452
2339,Greenland,GRL,2019,6.950654699587671
2340,Grenada,GRD,1990,4.40713132246859
2341,Grenada,GRD,1991,4.57373601457565
2342,Grenada,GRD,1992,4.65184791958258
2343,Grenada,GRD,1993,4.78375294292123
2344,Grenada,GRD,1994,4.96346751817642
2345,Grenada,GRD,1995,5.17098348140421
2346,Grenada,GRD,1996,5.36854317603882
2347,Grenada,GRD,1997,5.5661814486618
2348,Grenada,GRD,1998,5.73451081266445
2349,Grenada,GRD,1999,5.80458873112226
2350,Grenada,GRD,2000,5.90616914540347
2351,Grenada,GRD,2001,5.98208114111591
2352,Grenada,GRD,2002,6.02424468329141
2353,Grenada,GRD,2003,6.0626134344133495
2354,Grenada,GRD,2004,5.88469792111716
2355,Grenada,GRD,2005,6.110561233598
2356,Grenada,GRD,2006,6.13821024546328
2357,Grenada,GRD,2007,6.12473203626112
2358,Grenada,GRD,2008,6.06179345602859
2359,Grenada,GRD,2009,6.0190316862908
2360,Grenada,GRD,2010,5.96008599663016
2361,Grenada,GRD,2011,5.92840181170924
2362,Grenada,GRD,2012,5.97097518727322
2363,Grenada,GRD,2013,5.915432935357289
2364,Grenada,GRD,2014,5.84852351959999
2365,Grenada,GRD,2015,5.81428443765022
2366,Grenada,GRD,2016,5.73830589967893
2367,Grenada,GRD,2017,5.73516812985276
2368,Grenada,GRD,2018,5.73182155413927
2369,Grenada,GRD,2019,5.733206991022341
2370,Guam,GUM,1990,6.22436857533935
2371,Guam,GUM,1991,6.14562341173854
2372,Guam,GUM,1992,6.11254093593452
2373,Guam,GUM,1993,6.07986595613824
2374,Guam,GUM,1994,6.0495130501441
2375,Guam,GUM,1995,6.08698720684352
2376,Guam,GUM,1996,6.103407391757671
2377,Guam,GUM,1997,5.0380997478431295
2378,Guam,GUM,1998,6.095632319663459
2379,Guam,GUM,1999,6.08333939190641
2380,Guam,GUM,2000,6.05233011485292
2381,Guam,GUM,2001,6.037972312199931
2382,Guam,GUM,2002,6.0025453833947005
2383,Guam,GUM,2003,6.00717238850168
2384,Guam,GUM,2004,6.00120964029249
2385,Guam,GUM,2005,6.03174271499956
2386,Guam,GUM,2006,5.97148323315559
2387,Guam,GUM,2007,5.90216266470544
2388,Guam,GUM,2008,5.830783118094471
2389,Guam,GUM,2009,5.76913907131779
2390,Guam,GUM,2010,5.70181719604826
2391,Guam,GUM,2011,5.70233369271734
2392,Guam,GUM,2012,5.62253806473976
2393,Guam,GUM,2013,5.511240571323841
2394,Guam,GUM,2014,5.43665385619883
2395,Guam,GUM,2015,5.37040819052888
2396,Guam,GUM,2016,5.32655797900996
2397,Guam,GUM,2017,5.28810751783923
2398,Guam,GUM,2018,5.25481642785647
2399,Guam,GUM,2019,5.21024963139035
2400,Guatemala,GTM,1990,2.28382219707063
2401,Guatemala,GTM,1991,2.34830331006414
2402,Guatemala,GTM,1992,2.43923414500364
2403,Guatemala,GTM,1993,2.55583627355872
2404,Guatemala,GTM,1994,2.6680344213257
2405,Guatemala,GTM,1995,2.88058030762151
2406,Guatemala,GTM,1996,3.06056462317242
2407,Guatemala,GTM,1997,3.15731388545458
2408,Guatemala,GTM,1998,3.27228122020833
2409,Guatemala,GTM,1999,3.49923023771251
2410,Guatemala,GTM,2000,3.63076960857285
2411,Guatemala,GTM,2001,3.77139857122759
2412,Guatemala,GTM,2002,3.9345538102441298
2413,Guatemala,GTM,2003,4.08963022539945
2414,Guatemala,GTM,2004,4.22248434399336
2415,Guatemala,GTM,2005,4.27562523598607
2416,Guatemala,GTM,2006,4.42788478117951
2417,Guatemala,GTM,2007,4.58664078654931
2418,Guatemala,GTM,2008,4.6909277516260905
2419,Guatemala,GTM,2009,4.71056511927962
2420,Guatemala,GTM,2010,4.84518773962304
2421,Guatemala,GTM,2011,4.977849949763661
2422,Guatemala,GTM,2012,5.10355644712924
2423,Guatemala,GTM,2013,5.19528614515907
2424,Guatemala,GTM,2014,5.2849349556553005
2425,Guatemala,GTM,2015,5.36174000843382
2426,Guatemala,GTM,2016,5.44668904473697
2427,Guatemala,GTM,2017,5.56601121203212
2428,Guatemala,GTM,2018,5.60437708554059
2429,Guatemala,GTM,2019,5.660382788027111
2430,Guinea,GIN,1990,1.01069940578871
2431,Guinea,GIN,1991,1.03848760320661
2432,Guinea,GIN,1992,1.05616257207027
2433,Guinea,GIN,1993,1.08359895265585
2434,Guinea,GIN,1994,1.10828951493565
2435,Guinea,GIN,1995,1.13109438767311
2436,Guinea,GIN,1996,1.16872917907584
2437,Guinea,GIN,1997,1.20784774718333
2438,Guinea,GIN,1998,1.23399008820608
2439,Guinea,GIN,1999,1.25720043366502
2440,Guinea,GIN,2000,1.2762517975691
2441,Guinea,GIN,2001,1.32307661314596
2442,Guinea,GIN,2002,1.37237948397901
2443,Guinea,GIN,2003,1.41647373762832
2444,Guinea,GIN,2004,1.4525405057796
2445,Guinea,GIN,2005,1.48958115691899
2446,Guinea,GIN,2006,1.52331705845999
2447,Guinea,GIN,2007,1.55815171625187
2448,Guinea,GIN,2008,1.5990571251583998
2449,Guinea,GIN,2009,1.63408046816922
2450,Guinea,GIN,2010,1.67826471129803
2451,Guinea,GIN,2011,1.72242594793917
2452,Guinea,GIN,2012,1.7634946378598402
2453,Guinea,GIN,2013,1.80336409075248
2454,Guinea,GIN,2014,1.80083694166023
2455,Guinea,GIN,2015,1.86071220195631
2456,Guinea,GIN,2016,1.94090123784598
2457,Guinea,GIN,2017,2.03282673230611
2458,Guinea,GIN,2018,2.13007191797914
2459,Guinea,GIN,2019,2.22948413470565
2460,Guinea-Bissau,GNB,1990,1.02849480368413
2461,Guinea-Bissau,GNB,1991,1.05258261443575
2462,Guinea-Bissau,GNB,1992,1.07534046678811
2463,Guinea-Bissau,GNB,1993,1.09997295732622
2464,Guinea-Bissau,GNB,1994,1.1103831956179
2465,Guinea-Bissau,GNB,1995,1.15143979872671
2466,Guinea-Bissau,GNB,1996,1.10610368510194
2467,Guinea-Bissau,GNB,1997,1.151214567585
2468,Guinea-Bissau,GNB,1998,1.18332436755002
2469,Guinea-Bissau,GNB,1999,1.19240972840612
2470,Guinea-Bissau,GNB,2000,1.29999517781697
2471,Guinea-Bissau,GNB,2001,1.33727545136159
2472,Guinea-Bissau,GNB,2002,1.37688390299786
2473,Guinea-Bissau,GNB,2003,1.42022799558238
2474,Guinea-Bissau,GNB,2004,1.46431288641852
2475,Guinea-Bissau,GNB,2005,1.4754585391545
2476,Guinea-Bissau,GNB,2006,1.57010385346615
2477,Guinea-Bissau,GNB,2007,1.6396481451885998
2478,Guinea-Bissau,GNB,2008,1.68915567104462
2479,Guinea-Bissau,GNB,2009,1.78422689418592
2480,Guinea-Bissau,GNB,2010,1.86752589196708
2481,Guinea-Bissau,GNB,2011,1.95484717401296
2482,Guinea-Bissau,GNB,2012,2.03393727298619
2483,Guinea-Bissau,GNB,2013,2.11458196836655
2484,Guinea-Bissau,GNB,2014,2.18295301381677
2485,Guinea-Bissau,GNB,2015,2.27052790288379
2486,Guinea-Bissau,GNB,2016,2.37036438172003
2487,Guinea-Bissau,GNB,2017,2.47756255869954
2488,Guinea-Bissau,GNB,2018,2.5820962849016302
2489,Guinea-Bissau,GNB,2019,2.69854446928911
2490,Guyana,GUY,1990,3.83582858949928
2491,Guyana,GUY,1991,3.96106455374088
2492,Guyana,GUY,1992,4.1159067303229
2493,Guyana,GUY,1993,4.10348866560984
2494,Guyana,GUY,1994,4.16938288868722
2495,Guyana,GUY,1995,4.13257705124658
2496,Guyana,GUY,1996,4.1309159903084005
2497,Guyana,GUY,1997,4.2172853603431895
2498,Guyana,GUY,1998,4.26936505693109
2499,Guyana,GUY,1999,4.38729959893416
2500,Guyana,GUY,2000,4.39166061852668
2501,Guyana,GUY,2001,4.43658885330666
2502,Guyana,GUY,2002,4.45724200648349
2503,Guyana,GUY,2003,4.54478099724638
2504,Guyana,GUY,2004,4.609837164502499
2505,Guyana,GUY,2005,4.63498598695477
2506,Guyana,GUY,2006,4.77428513924186
2507,Guyana,GUY,2007,4.84229110247463
2508,Guyana,GUY,2008,4.84975382014449
2509,Guyana,GUY,2009,4.97394687707728
2510,Guyana,GUY,2010,4.93373175707108
2511,Guyana,GUY,2011,4.90876640023633
2512,Guyana,GUY,2012,4.871935860306309
2513,Guyana,GUY,2013,4.92394277345078
2514,Guyana,GUY,2014,4.90829493555749
2515,Guyana,GUY,2015,4.98126011557647
2516,Guyana,GUY,2016,5.03821800345143
2517,Guyana,GUY,2017,5.10555720633382
2518,Guyana,GUY,2018,5.13745852407988
2519,Guyana,GUY,2019,5.132051529768591
2520,Haiti,HTI,1990,1.74837924482943
2521,Haiti,HTI,1991,1.7791925138359002
2522,Haiti,HTI,1992,1.82764003000748
2523,Haiti,HTI,1993,1.83130891401891
2524,Haiti,HTI,1994,1.8789238455153
2525,Haiti,HTI,1995,1.95778833269106
2526,Haiti,HTI,1996,2.02017724294759
2527,Haiti,HTI,1997,2.08314585136397
2528,Haiti,HTI,1998,2.15848842029354
2529,Haiti,HTI,1999,2.2345756633809
2530,Haiti,HTI,2000,2.30753998537164
2531,Haiti,HTI,2001,2.3726344253273
2532,Haiti,HTI,2002,2.43675603316763
2533,Haiti,HTI,2003,2.4904392328413403
2534,Haiti,HTI,2004,2.3992738682919903
2535,Haiti,HTI,2005,2.5969163559239403
2536,Haiti,HTI,2006,2.66266674077582
2537,Haiti,HTI,2007,2.73044299811034
2538,Haiti,HTI,2008,2.7756302646365
2539,Haiti,HTI,2009,2.85709985575572
2540,Haiti,HTI,2010,0.85838928904562
2541,Haiti,HTI,2011,2.67632600061928
2542,Haiti,HTI,2012,2.94894586763278
2543,Haiti,HTI,2013,2.98912091489093
2544,Haiti,HTI,2014,3.0627847353628
2545,Haiti,HTI,2015,3.12395188483947
2546,Haiti,HTI,2016,3.17863506724256
2547,Haiti,HTI,2017,3.3341321237796104
2548,Haiti,HTI,2018,3.4251413230292203
2549,Haiti,HTI,2019,3.50053136352028
2550,Honduras,HND,1990,3.0903490813416203
2551,Honduras,HND,1991,3.1998926555630898
2552,Honduras,HND,1992,3.27784174978688
2553,Honduras,HND,1993,3.33198741179738
2554,Honduras,HND,1994,3.46874633080543
2555,Honduras,HND,1995,3.53789683771863
2556,Honduras,HND,1996,3.66457943828186
2557,Honduras,HND,1997,3.7819689255877504
2558,Honduras,HND,1998,2.6575597843174403
2559,Honduras,HND,1999,3.99301819861272
2560,Honduras,HND,2000,4.12602520906023
2561,Honduras,HND,2001,4.23872827406869
2562,Honduras,HND,2002,4.36624987122415
2563,Honduras,HND,2003,4.45848306140377
2564,Honduras,HND,2004,4.59134877177578
2565,Honduras,HND,2005,4.70216468629305
2566,Honduras,HND,2006,4.78735925122043
2567,Honduras,HND,2007,4.87112447034162
2568,Honduras,HND,2008,4.96270584636618
2569,Honduras,HND,2009,5.05954180472146
2570,Honduras,HND,2010,5.09737658198465
2571,Honduras,HND,2011,5.20207269393434
2572,Honduras,HND,2012,4.73848137204038
2573,Honduras,HND,2013,4.8621839894373
2574,Honduras,HND,2014,4.9364634759050405
2575,Honduras,HND,2015,4.94612279485365
2576,Honduras,HND,2016,5.622479006609169
2577,Honduras,HND,2017,5.69109119199252
2578,Honduras,HND,2018,5.7432856188595
2579,Honduras,HND,2019,5.76201326936102
2580,Hungary,HUN,1990,3.6843182491895
2581,Hungary,HUN,1991,3.68107368582394
2582,Hungary,HUN,1992,3.58688181221162
2583,Hungary,HUN,1993,3.57178919268195
2584,Hungary,HUN,1994,3.6249811046153697
2585,Hungary,HUN,1995,3.67556786395942
2586,Hungary,HUN,1996,3.81791573496622
2587,Hungary,HUN,1997,3.83555372046988
2588,Hungary,HUN,1998,3.78288756001288
2589,Hungary,HUN,1999,3.77285564605159
2590,Hungary,HUN,2000,3.90480000485014
2591,Hungary,HUN,2001,3.98111055322532
2592,Hungary,HUN,2002,3.9755714878202
2593,Hungary,HUN,2003,3.95112563813592
2594,Hungary,HUN,2004,3.98520730362545
2595,Hungary,HUN,2005,3.9414131335984703
2596,Hungary,HUN,2006,3.99601196570278
2597,Hungary,HUN,2007,3.97570399151522
2598,Hungary,HUN,2008,4.06263562282295
2599,Hungary,HUN,2009,4.06347022586972
2600,Hungary,HUN,2010,4.1181725464261705
2601,Hungary,HUN,2011,4.15804677432082
2602,Hungary,HUN,2012,4.19320462673438
2603,Hungary,HUN,2013,4.27338791048619
2604,Hungary,HUN,2014,4.263856856052469
2605,Hungary,HUN,2015,4.20622751572071
2606,Hungary,HUN,2016,4.27110584499839
2607,Hungary,HUN,2017,4.237666108968989
2608,Hungary,HUN,2018,4.198929621189
2609,Hungary,HUN,2019,4.22523159757315
2610,Iceland,ISL,1990,7.42768701685042
2611,Iceland,ISL,1991,7.46167892981702
2612,Iceland,ISL,1992,7.51924072334195
2613,Iceland,ISL,1993,7.56320308404035
2614,Iceland,ISL,1994,7.569073245617659
2615,Iceland,ISL,1995,7.406378083205491
2616,Iceland,ISL,1996,7.596550674676241
2617,Iceland,ISL,1997,7.644705222172201
2618,Iceland,ISL,1998,7.71338894273131
2619,Iceland,ISL,1999,7.79617702462701
2620,Iceland,ISL,2000,7.912030513530411
2621,Iceland,ISL,2001,7.98200428485945
2622,Iceland,ISL,2002,8.02005338426947
2623,Iceland,ISL,2003,8.07925694168803
2624,Iceland,ISL,2004,8.11389408489228
2625,Iceland,ISL,2005,8.14087512272402
2626,Iceland,ISL,2006,8.14475413236157
2627,Iceland,ISL,2007,8.18808772288945
2628,Iceland,ISL,2008,8.25310028366102
2629,Iceland,ISL,2009,8.268744022091159
2630,Iceland,ISL,2010,8.27455792706983
2631,Iceland,ISL,2011,8.27502439500778
2632,Iceland,ISL,2012,8.25377711483753
2633,Iceland,ISL,2013,8.28506131080147
2634,Iceland,ISL,2014,8.413948550629941
2635,Iceland,ISL,2015,8.39015925962831
2636,Iceland,ISL,2016,8.36384068137308
2637,Iceland,ISL,2017,8.31969623711568
2638,Iceland,ISL,2018,8.30435670242807
2639,Iceland,ISL,2019,8.268291934267861
2640,India,IND,1990,2.31208134297223
2641,India,IND,1991,2.40306230107113
2642,India,IND,1992,2.49119818198615
2643,India,IND,1993,2.6117081100049
2644,India,IND,1994,2.73139546413339
2645,India,IND,1995,2.8236507007334
2646,India,IND,1996,2.89344801517072
2647,India,IND,1997,2.89944453865626
2648,India,IND,1998,2.93215613207405
2649,India,IND,1999,2.99054868564014
2650,India,IND,2000,3.06340297111317
2651,India,IND,2001,3.1510044301334
2652,India,IND,2002,3.27624223928977
2653,India,IND,2003,3.41517202261028
2654,India,IND,2004,3.5352056352913497
2655,India,IND,2005,3.6031692335303305
2656,India,IND,2006,3.648998787645832
2657,India,IND,2007,3.65968556296386
2658,India,IND,2008,3.6466968838857694
2659,India,IND,2009,3.70326861251964
2660,India,IND,2010,3.7581933726000702
2661,India,IND,2011,3.83220626450828
2662,India,IND,2012,3.95057190950662
2663,India,IND,2013,4.07386956586644
2664,India,IND,2014,4.25066902132388
2665,India,IND,2015,4.35228884770346
2666,India,IND,2016,4.5114832040102
2667,India,IND,2017,4.61244924656063
2668,India,IND,2018,4.633943402865319
2669,India,IND,2019,4.66904653398704
2670,Indonesia,IDN,1990,2.51020849773523
2671,Indonesia,IDN,1991,2.60001999553124
2672,Indonesia,IDN,1992,2.6862991090674
2673,Indonesia,IDN,1993,2.7722194852953503
2674,Indonesia,IDN,1994,2.85553911156518
2675,Indonesia,IDN,1995,2.93776525772077
2676,Indonesia,IDN,1996,3.01594413319236
2677,Indonesia,IDN,1997,3.07771114414154
2678,Indonesia,IDN,1998,3.1213722834756803
2679,Indonesia,IDN,1999,3.17052026813279
2680,Indonesia,IDN,2000,3.2333407647720303
2681,Indonesia,IDN,2001,3.28517359845734
2682,Indonesia,IDN,2002,3.34248892265644
2683,Indonesia,IDN,2003,3.40262184566606
2684,Indonesia,IDN,2004,3.09843066347331
2685,Indonesia,IDN,2005,3.5373071172146697
2686,Indonesia,IDN,2006,3.5815037968010297
2687,Indonesia,IDN,2007,3.6587807015690696
2688,Indonesia,IDN,2008,3.71833455396423
2689,Indonesia,IDN,2009,3.77108931218538
2690,Indonesia,IDN,2010,3.8411616261193
2691,Indonesia,IDN,2011,3.91677816836629
2692,Indonesia,IDN,2012,3.9827100168157097
2693,Indonesia,IDN,2013,4.04079990882444
2694,Indonesia,IDN,2014,4.102612140436071
2695,Indonesia,IDN,2015,4.15205010990623
2696,Indonesia,IDN,2016,4.20970281679024
2697,Indonesia,IDN,2017,4.2456786961776505
2698,Indonesia,IDN,2018,4.289444895978449
2699,Indonesia,IDN,2019,4.36464417045878
2700,Iran,IRN,1990,4.62910120952521
2701,Iran,IRN,1991,5.43307682519483
2702,Iran,IRN,1992,5.713893567928221
2703,Iran,IRN,1993,5.94824366066396
2704,Iran,IRN,1994,6.18673512650076
2705,Iran,IRN,1995,6.40257734743781
2706,Iran,IRN,1996,6.61433127212267
2707,Iran,IRN,1997,6.76042386202394
2708,Iran,IRN,1998,7.03258334515084
2709,Iran,IRN,1999,7.25684211798165
2710,Iran,IRN,2000,7.504493791997829
2711,Iran,IRN,2001,7.72050239485194
2712,Iran,IRN,2002,7.95523956799877
2713,Iran,IRN,2003,7.54406429985788
2714,Iran,IRN,2004,8.30816584966885
2715,Iran,IRN,2005,8.46969982229669
2716,Iran,IRN,2006,8.648521166837279
2717,Iran,IRN,2007,8.84144099762954
2718,Iran,IRN,2008,9.03456390697148
2719,Iran,IRN,2009,9.20599772250787
2720,Iran,IRN,2010,9.32308797548745
2721,Iran,IRN,2011,9.42951814177064
2722,Iran,IRN,2012,9.52893837841389
2723,Iran,IRN,2013,9.638030715668927
2724,Iran,IRN,2014,9.80328725850052
2725,Iran,IRN,2015,9.99689148026429
2726,Iran,IRN,2016,10.2214212284616
2727,Iran,IRN,2017,10.260154179804973
2728,Iran,IRN,2018,10.29938812249929
2729,Iran,IRN,2019,10.31473206520086
2730,Iraq,IRQ,1990,3.47650135368422
2731,Iraq,IRQ,1991,3.5621219066475
2732,Iraq,IRQ,1992,3.65126630353056
2733,Iraq,IRQ,1993,3.72820449627448
2734,Iraq,IRQ,1994,3.77474249342647
2735,Iraq,IRQ,1995,3.83956726739306
2736,Iraq,IRQ,1996,3.92042502031646
2737,Iraq,IRQ,1997,3.98213014855869
2738,Iraq,IRQ,1998,4.08602551468579
2739,Iraq,IRQ,1999,4.205028899735179
2740,Iraq,IRQ,2000,4.3467140124836
2741,Iraq,IRQ,2001,4.53166048949781
2742,Iraq,IRQ,2002,4.69117429874284
2743,Iraq,IRQ,2003,4.3547304580540205
2744,Iraq,IRQ,2004,4.45052368337816
2745,Iraq,IRQ,2005,4.53409390853272
2746,Iraq,IRQ,2006,4.32593023878654
2747,Iraq,IRQ,2007,4.244534294474691
2748,Iraq,IRQ,2008,5.02361487061275
2749,Iraq,IRQ,2009,5.38371953758491
2750,Iraq,IRQ,2010,5.6385133854482
2751,Iraq,IRQ,2011,5.88666227488851
2752,Iraq,IRQ,2012,6.111582235332571
2753,Iraq,IRQ,2013,5.96544301772101
2754,Iraq,IRQ,2014,5.55728507618711
2755,Iraq,IRQ,2015,5.93790433794719
2756,Iraq,IRQ,2016,5.97878178289599
2757,Iraq,IRQ,2017,6.20150125518175
2758,Iraq,IRQ,2018,7.347669596569551
2759,Iraq,IRQ,2019,7.456860473417059
2760,Ireland,IRL,1990,7.38802251617876
2761,Ireland,IRL,1991,7.470023366408079
2762,Ireland,IRL,1992,7.561312126530501
2763,Ireland,IRL,1993,7.60885272016648
2764,Ireland,IRL,1994,7.71300753359288
2765,Ireland,IRL,1995,7.690675895851689
2766,Ireland,IRL,1996,7.77593665984632
2767,Ireland,IRL,1997,7.82795149728087
2768,Ireland,IRL,1998,7.89618595309973
2769,Ireland,IRL,1999,7.93464440713422
2770,Ireland,IRL,2000,8.07609679375446
2771,Ireland,IRL,2001,8.29394272599796
2772,Ireland,IRL,2002,8.48706884026511
2773,Ireland,IRL,2003,8.681845096323231
2774,Ireland,IRL,2004,8.82468798547646
2775,Ireland,IRL,2005,8.99360833826814
2776,Ireland,IRL,2006,9.11409422164677
2777,Ireland,IRL,2007,9.29616814255775
2778,Ireland,IRL,2008,9.41643585090156
2779,Ireland,IRL,2009,9.515604121975429
2780,Ireland,IRL,2010,9.763956936982847
2781,Ireland,IRL,2011,9.70204286840745
2782,Ireland,IRL,2012,9.72038497437302
2783,Ireland,IRL,2013,9.73082568133885
2784,Ireland,IRL,2014,9.75353273817578
2785,Ireland,IRL,2015,9.73268548824988
2786,Ireland,IRL,2016,9.81271260127097
2787,Ireland,IRL,2017,9.81652632352274
2788,Ireland,IRL,2018,9.69299542214649
2789,Ireland,IRL,2019,9.52930046766311
2790,Israel,ISR,1990,8.07313170149466
2791,Israel,ISR,1991,8.119086425312
2792,Israel,ISR,1992,8.13477626702592
2793,Israel,ISR,1993,8.344787435441429
2794,Israel,ISR,1994,8.430278216198591
2795,Israel,ISR,1995,8.505563873654209
2796,Israel,ISR,1996,8.52742798859428
2797,Israel,ISR,1997,8.59008455006901
2798,Israel,ISR,1998,8.64349975952615
2799,Israel,ISR,1999,8.70789176503055
2800,Israel,ISR,2000,8.69979212352673
2801,Israel,ISR,2001,8.669719416464341
2802,Israel,ISR,2002,8.46522476549256
2803,Israel,ISR,2003,8.77279585702612
2804,Israel,ISR,2004,8.92698818463896
2805,Israel,ISR,2005,9.10282172135295
2806,Israel,ISR,2006,9.08189154658256
2807,Israel,ISR,2007,9.32767239634175
2808,Israel,ISR,2008,9.3849321257863
2809,Israel,ISR,2009,9.57195214726302
2810,Israel,ISR,2010,9.87716093738633
2811,Israel,ISR,2011,9.85387658267058
2812,Israel,ISR,2012,9.84731232959183
2813,Israel,ISR,2013,9.84117927455894
2814,Israel,ISR,2014,9.25194802170808
2815,Israel,ISR,2015,9.72712248565587
2816,Israel,ISR,2016,9.72644545780853
2817,Israel,ISR,2017,9.69720921362267
2818,Israel,ISR,2018,9.62340117680466
2819,Israel,ISR,2019,9.62697210680271
2820,Italy,ITA,1990,6.912742500712479
2821,Italy,ITA,1991,6.84728346302845
2822,Italy,ITA,1992,6.8578081324045
2823,Italy,ITA,1993,6.865892681386759
2824,Italy,ITA,1994,6.84903743882909
2825,Italy,ITA,1995,6.8446599178643
2826,Italy,ITA,1996,6.842813362742841
2827,Italy,ITA,1997,6.86809161828707
2828,Italy,ITA,1998,6.849262791176559
2829,Italy,ITA,1999,6.895408119805441
2830,Italy,ITA,2000,6.95996878533024
2831,Italy,ITA,2001,6.99637574887282
2832,Italy,ITA,2002,7.012024205619739
2833,Italy,ITA,2003,6.993244502293609
2834,Italy,ITA,2004,7.10995476212836
2835,Italy,ITA,2005,7.14236905139595
2836,Italy,ITA,2006,7.182849477218619
2837,Italy,ITA,2007,7.20692799633362
2838,Italy,ITA,2008,7.237271079274429
2839,Italy,ITA,2009,7.268872662317009
2840,Italy,ITA,2010,7.34191189689702
2841,Italy,ITA,2011,7.34508510930921
2842,Italy,ITA,2012,7.35070832130083
2843,Italy,ITA,2013,7.401043686382799
2844,Italy,ITA,2014,7.423364174905089
2845,Italy,ITA,2015,7.3273986253952
2846,Italy,ITA,2016,7.35226259078447
2847,Italy,ITA,2017,7.294353353614779
2848,Italy,ITA,2018,7.209466352111779
2849,Italy,ITA,2019,7.14909335096507
2850,Jamaica,JAM,1990,5.91311369402691
2851,Jamaica,JAM,1991,6.07013247302083
2852,Jamaica,JAM,1992,5.98786787354642
2853,Jamaica,JAM,1993,5.94424236896908
2854,Jamaica,JAM,1994,5.92413756502243
2855,Jamaica,JAM,1995,5.928116880674271
2856,Jamaica,JAM,1996,5.9056780888813405
2857,Jamaica,JAM,1997,5.85623658153183
2858,Jamaica,JAM,1998,5.83915986622366
2859,Jamaica,JAM,1999,5.76550248894866
2860,Jamaica,JAM,2000,5.84813112204708
2861,Jamaica,JAM,2001,5.89998997524802
2862,Jamaica,JAM,2002,6.15959099070355
2863,Jamaica,JAM,2003,6.41631610482208
2864,Jamaica,JAM,2004,6.58483800645658
2865,Jamaica,JAM,2005,6.78719346627104
2866,Jamaica,JAM,2006,6.781656593742801
2867,Jamaica,JAM,2007,6.4365902081060895
2868,Jamaica,JAM,2008,6.10704054569887
2869,Jamaica,JAM,2009,5.93535683964753
2870,Jamaica,JAM,2010,6.40967209640967
2871,Jamaica,JAM,2011,6.25390418286592
2872,Jamaica,JAM,2012,6.600321388327619
2873,Jamaica,JAM,2013,6.66964734390147
2874,Jamaica,JAM,2014,6.42771913780904
2875,Jamaica,JAM,2015,6.400258676567069
2876,Jamaica,JAM,2016,6.391873847995801
2877,Jamaica,JAM,2017,6.37887789741273
2878,Jamaica,JAM,2018,6.39626102031728
2879,Jamaica,JAM,2019,6.39836193360081
2880,Japan,JPN,1990,5.89495330573086
2881,Japan,JPN,1991,5.82469759537672
2882,Japan,JPN,1992,5.74776108283478
2883,Japan,JPN,1993,5.698923299942351
2884,Japan,JPN,1994,5.69653068059326
2885,Japan,JPN,1995,5.61600164426238
2886,Japan,JPN,1996,5.67184491825428
2887,Japan,JPN,1997,5.690762641825319
2888,Japan,JPN,1998,5.6519577119783
2889,Japan,JPN,1999,5.6416714201666505
2890,Japan,JPN,2000,5.69214384406536
2891,Japan,JPN,2001,5.715221080775
2892,Japan,JPN,2002,5.7195488190687
2893,Japan,JPN,2003,5.68308010704585
2894,Japan,JPN,2004,5.66166753624862
2895,Japan,JPN,2005,5.59687917388596
2896,Japan,JPN,2006,5.57450541609751
2897,Japan,JPN,2007,5.51314626991585
2898,Japan,JPN,2008,5.44523260958079
2899,Japan,JPN,2009,5.38656428918144
2900,Japan,JPN,2010,5.30747221114168
2901,Japan,JPN,2011,5.18173896069419
2902,Japan,JPN,2012,5.1874222517012205
2903,Japan,JPN,2013,5.14124241313327
2904,Japan,JPN,2014,5.10566203629287
2905,Japan,JPN,2015,5.083553261004161
2906,Japan,JPN,2016,5.04309215278019
2907,Japan,JPN,2017,5.019818190374751
2908,Japan,JPN,2018,4.96162936325455
2909,Japan,JPN,2019,4.91274973680469
2910,Jordan,JOR,1990,6.2617043758457696
2911,Jordan,JOR,1991,6.4370003408258105
2912,Jordan,JOR,1992,6.64604746212363
2913,Jordan,JOR,1993,6.757872093761789
2914,Jordan,JOR,1994,6.90957098657808
2915,Jordan,JOR,1995,7.0408792856387805
2916,Jordan,JOR,1996,7.12610666525085
2917,Jordan,JOR,1997,7.25344486360043
2918,Jordan,JOR,1998,7.36999710379596
2919,Jordan,JOR,1999,7.49736088544817
2920,Jordan,JOR,2000,7.596130295541161
2921,Jordan,JOR,2001,7.703443821134639
2922,Jordan,JOR,2002,7.86170950471943
2923,Jordan,JOR,2003,7.98087896259672
2924,Jordan,JOR,2004,8.17839289767219
2925,Jordan,JOR,2005,8.42556150155694
2926,Jordan,JOR,2006,8.72031753652289
2927,Jordan,JOR,2007,8.945171045820691
2928,Jordan,JOR,2008,9.13503821200489
2929,Jordan,JOR,2009,9.356249054609709
2930,Jordan,JOR,2010,9.57398322767806
2931,Jordan,JOR,2011,9.73583555084031
2932,Jordan,JOR,2012,9.935921731446
2933,Jordan,JOR,2013,10.11372579214302
2934,Jordan,JOR,2014,10.15466684334555
2935,Jordan,JOR,2015,10.21544078802367
2936,Jordan,JOR,2016,10.103248856380487
2937,Jordan,JOR,2017,10.07335929914186
2938,Jordan,JOR,2018,9.88911351085539
2939,Jordan,JOR,2019,10.24314578540867
2940,Kazakhstan,KAZ,1990,3.57699066585784
2941,Kazakhstan,KAZ,1991,3.5139123064876503
2942,Kazakhstan,KAZ,1992,3.39880885603098
2943,Kazakhstan,KAZ,1993,3.2549572695295703
2944,Kazakhstan,KAZ,1994,3.1480449458686
2945,Kazakhstan,KAZ,1995,3.03946808899888
2946,Kazakhstan,KAZ,1996,3.03562253211819
2947,Kazakhstan,KAZ,1997,3.09440749037505
2948,Kazakhstan,KAZ,1998,3.18004433844207
2949,Kazakhstan,KAZ,1999,3.24592572536856
2950,Kazakhstan,KAZ,2000,3.22412491796394
2951,Kazakhstan,KAZ,2001,3.22231872137332
2952,Kazakhstan,KAZ,2002,3.22291392590704
2953,Kazakhstan,KAZ,2003,3.1923634423094898
2954,Kazakhstan,KAZ,2004,3.17310230755097
2955,Kazakhstan,KAZ,2005,3.15125916729715
2956,Kazakhstan,KAZ,2006,3.1650111485167995
2957,Kazakhstan,KAZ,2007,3.2289922652382903
2958,Kazakhstan,KAZ,2008,3.37941580938085
2959,Kazakhstan,KAZ,2009,3.5274436894090897
2960,Kazakhstan,KAZ,2010,3.5748876449216898
2961,Kazakhstan,KAZ,2011,3.66544449403437
2962,Kazakhstan,KAZ,2012,3.76439979943442
2963,Kazakhstan,KAZ,2013,3.93254359092352
2964,Kazakhstan,KAZ,2014,4.08924277296007
2965,Kazakhstan,KAZ,2015,4.21115437040069
2966,Kazakhstan,KAZ,2016,4.31843927860594
2967,Kazakhstan,KAZ,2017,4.42009754063623
2968,Kazakhstan,KAZ,2018,4.43241677561763
2969,Kazakhstan,KAZ,2019,4.45728686213312
2970,Kenya,KEN,1990,2.2062196555662004
2971,Kenya,KEN,1991,2.1690430402867
2972,Kenya,KEN,1992,2.11680944025793
2973,Kenya,KEN,1993,2.07238032329176
2974,Kenya,KEN,1994,2.02673343062075
2975,Kenya,KEN,1995,2.00718022030217
2976,Kenya,KEN,1996,1.99194374871842
2977,Kenya,KEN,1997,1.97920592575274
2978,Kenya,KEN,1998,1.98861416953053
2979,Kenya,KEN,1999,2.01460890103047
2980,Kenya,KEN,2000,2.05346332722923
2981,Kenya,KEN,2001,2.09292097040696
2982,Kenya,KEN,2002,2.13214563333455
2983,Kenya,KEN,2003,2.17659670590204
2984,Kenya,KEN,2004,2.24335003429359
2985,Kenya,KEN,2005,2.3337803056899102
2986,Kenya,KEN,2006,2.44222419585873
2987,Kenya,KEN,2007,2.57065258386399
2988,Kenya,KEN,2008,2.6844800612865
2989,Kenya,KEN,2009,2.82284651226544
2990,Kenya,KEN,2010,2.95647097069172
2991,Kenya,KEN,2011,3.08971368078638
2992,Kenya,KEN,2012,3.21780743301396
2993,Kenya,KEN,2013,3.3324644684299
2994,Kenya,KEN,2014,3.4592990835741
2995,Kenya,KEN,2015,3.61340590985567
2996,Kenya,KEN,2016,3.78428376799331
2997,Kenya,KEN,2017,3.944443327049061
2998,Kenya,KEN,2018,4.09394187062714
2999,Kenya,KEN,2019,4.21704046764476
3000,Kiribati,KIR,1990,1.82398508832153
3001,Kiribati,KIR,1991,1.83615152861161
3002,Kiribati,KIR,1992,1.86131809506448
3003,Kiribati,KIR,1993,1.89034292685171
3004,Kiribati,KIR,1994,1.93118828782346
3005,Kiribati,KIR,1995,1.96537350052633
3006,Kiribati,KIR,1996,2.0128772783378697
3007,Kiribati,KIR,1997,2.03909454910942
3008,Kiribati,KIR,1998,2.07153726351781
3009,Kiribati,KIR,1999,2.0983267337112697
3010,Kiribati,KIR,2000,2.13318978123443
3011,Kiribati,KIR,2001,2.17048421563989
3012,Kiribati,KIR,2002,2.20994682380402
3013,Kiribati,KIR,2003,2.24865053435729
3014,Kiribati,KIR,2004,2.28436376722177
3015,Kiribati,KIR,2005,2.32275789341361
3016,Kiribati,KIR,2006,2.35547263065886
3017,Kiribati,KIR,2007,2.38882116193436
3018,Kiribati,KIR,2008,2.41941406219357
3019,Kiribati,KIR,2009,2.4480319271354
3020,Kiribati,KIR,2010,2.4765973044886698
3021,Kiribati,KIR,2011,2.50038878617614
3022,Kiribati,KIR,2012,2.52668341186629
3023,Kiribati,KIR,2013,2.5559093935327
3024,Kiribati,KIR,2014,2.58143379550961
3025,Kiribati,KIR,2015,2.60828835800907
3026,Kiribati,KIR,2016,2.63170217657578
3027,Kiribati,KIR,2017,2.66240228129884
3028,Kiribati,KIR,2018,2.49747871230987
3029,Kiribati,KIR,2019,2.72319317182097
3030,Kuwait,KWT,1990,7.81066638572836
3031,Kuwait,KWT,1991,7.68572919732301
3032,Kuwait,KWT,1992,10.38884244447424
3033,Kuwait,KWT,1993,10.47291179022473
3034,Kuwait,KWT,1994,9.89746769969726
3035,Kuwait,KWT,1995,9.98299825839198
3036,Kuwait,KWT,1996,10.366491297076209
3037,Kuwait,KWT,1997,9.95446267872579
3038,Kuwait,KWT,1998,10.3729892399649
3039,Kuwait,KWT,1999,10.09715605836595
3040,Kuwait,KWT,2000,10.19549234648431
3041,Kuwait,KWT,2001,10.7717493743581
3042,Kuwait,KWT,2002,10.42797278974522
3043,Kuwait,KWT,2003,10.53149303463393
3044,Kuwait,KWT,2004,10.56014310276051
3045,Kuwait,KWT,2005,10.62910853330378
3046,Kuwait,KWT,2006,10.700814530308229
3047,Kuwait,KWT,2007,10.8738897226746
3048,Kuwait,KWT,2008,10.54947575119202
3049,Kuwait,KWT,2009,10.77109492579464
3050,Kuwait,KWT,2010,11.54435967148121
3051,Kuwait,KWT,2011,12.005594353445
3052,Kuwait,KWT,2012,12.10790225672743
3053,Kuwait,KWT,2013,12.28440366336947
3054,Kuwait,KWT,2014,12.37835254746312
3055,Kuwait,KWT,2015,12.25853635190633
3056,Kuwait,KWT,2016,12.3625254292893
3057,Kuwait,KWT,2017,12.31264052029293
3058,Kuwait,KWT,2018,12.26854892192608
3059,Kuwait,KWT,2019,12.22592118313803
3060,Kyrgyzstan,KGZ,1990,3.13119670800937
3061,Kyrgyzstan,KGZ,1991,3.19459320422098
3062,Kyrgyzstan,KGZ,1992,3.25439081160602
3063,Kyrgyzstan,KGZ,1993,3.25195757461607
3064,Kyrgyzstan,KGZ,1994,3.2044209486992
3065,Kyrgyzstan,KGZ,1995,3.2758648377454
3066,Kyrgyzstan,KGZ,1996,3.42041688418288
3067,Kyrgyzstan,KGZ,1997,3.54277556969176
3068,Kyrgyzstan,KGZ,1998,3.65919868369238
3069,Kyrgyzstan,KGZ,1999,3.7773539513737497
3070,Kyrgyzstan,KGZ,2000,3.78275890365827
3071,Kyrgyzstan,KGZ,2001,3.8588932478428
3072,Kyrgyzstan,KGZ,2002,3.88536625889664
3073,Kyrgyzstan,KGZ,2003,3.90215332370516
3074,Kyrgyzstan,KGZ,2004,3.97983600950989
3075,Kyrgyzstan,KGZ,2005,3.9809412143358
3076,Kyrgyzstan,KGZ,2006,3.9406732618973104
3077,Kyrgyzstan,KGZ,2007,3.99954266131922
3078,Kyrgyzstan,KGZ,2008,4.12632870207064
3079,Kyrgyzstan,KGZ,2009,4.29517426614441
3080,Kyrgyzstan,KGZ,2010,4.32531679672369
3081,Kyrgyzstan,KGZ,2011,4.48680505511785
3082,Kyrgyzstan,KGZ,2012,4.5732838147131
3083,Kyrgyzstan,KGZ,2013,4.64419992140889
3084,Kyrgyzstan,KGZ,2014,4.72518747798867
3085,Kyrgyzstan,KGZ,2015,4.83171932928642
3086,Kyrgyzstan,KGZ,2016,5.07121155966355
3087,Kyrgyzstan,KGZ,2017,5.156847864603789
3088,Kyrgyzstan,KGZ,2018,5.198765740977731
3089,Kyrgyzstan,KGZ,2019,5.22650320495082
3090,Laos,LAO,1990,1.31995382316414
3091,Laos,LAO,1991,1.37493494498404
3092,Laos,LAO,1992,1.41899862007488
3093,Laos,LAO,1993,1.46205334568797
3094,Laos,LAO,1994,1.50388487251576
3095,Laos,LAO,1995,1.57017570652413
3096,Laos,LAO,1996,1.6227220122902002
3097,Laos,LAO,1997,1.67953989862321
3098,Laos,LAO,1998,1.7344504491779398
3099,Laos,LAO,1999,1.7982341929217
3100,Laos,LAO,2000,1.86842072092257
3101,Laos,LAO,2001,1.9591453490122896
3102,Laos,LAO,2002,2.06815559443041
3103,Laos,LAO,2003,2.1799192157746
3104,Laos,LAO,2004,2.30029760984952
3105,Laos,LAO,2005,2.41615920620502
3106,Laos,LAO,2006,2.52698738123648
3107,Laos,LAO,2007,2.6544276807672
3108,Laos,LAO,2008,2.77944737086169
3109,Laos,LAO,2009,2.913102529485
3110,Laos,LAO,2010,3.05681375925165
3111,Laos,LAO,2011,3.20331965586174
3112,Laos,LAO,2012,3.35172452323921
3113,Laos,LAO,2013,3.47737377676582
3114,Laos,LAO,2014,3.62964977041856
3115,Laos,LAO,2015,3.74782018003616
3116,Laos,LAO,2016,3.85202385110614
3117,Laos,LAO,2017,3.95115335627425
3118,Laos,LAO,2018,4.03774836454157
3119,Laos,LAO,2019,4.14552814037458
3120,Latin America & Caribbean (WB),,1990,4.4319468128067205
3121,Latin America & Caribbean (WB),,1991,4.54904282408354
3122,Latin America & Caribbean (WB),,1992,4.68558753661215
3123,Latin America & Caribbean (WB),,1993,4.788772957964469
3124,Latin America & Caribbean (WB),,1994,4.90944358519244
3125,Latin America & Caribbean (WB),,1995,5.0251281712293805
3126,Latin America & Caribbean (WB),,1996,5.16697560155943
3127,Latin America & Caribbean (WB),,1997,5.352119164843431
3128,Latin America & Caribbean (WB),,1998,5.47527808934835
3129,Latin America & Caribbean (WB),,1999,5.64395244895955
3130,Latin America & Caribbean (WB),,2000,5.87057811302172
3131,Latin America & Caribbean (WB),,2001,6.00360703642194
3132,Latin America & Caribbean (WB),,2002,6.10429479104128
3133,Latin America & Caribbean (WB),,2003,6.23902853257926
3134,Latin America & Caribbean (WB),,2004,6.36407353173518
3135,Latin America & Caribbean (WB),,2005,6.49607708239773
3136,Latin America & Caribbean (WB),,2006,6.561634557923581
3137,Latin America & Caribbean (WB),,2007,6.586538590840189
3138,Latin America & Caribbean (WB),,2008,6.5622621939606205
3139,Latin America & Caribbean (WB),,2009,6.5238979615259
3140,Latin America & Caribbean (WB),,2010,6.07939068316571
3141,Latin America & Caribbean (WB),,2011,6.58970798829327
3142,Latin America & Caribbean (WB),,2012,6.606286533878699
3143,Latin America & Caribbean (WB),,2013,6.586540405335831
3144,Latin America & Caribbean (WB),,2014,6.6022003745432505
3145,Latin America & Caribbean (WB),,2015,6.6196756581491405
3146,Latin America & Caribbean (WB),,2016,6.62976225233466
3147,Latin America & Caribbean (WB),,2017,6.650529992400791
3148,Latin America & Caribbean (WB),,2018,6.69242318487997
3149,Latin America & Caribbean (WB),,2019,6.72081572317477
3150,Latvia,LVA,1990,4.33624021604748
3151,Latvia,LVA,1991,4.25041558756424
3152,Latvia,LVA,1992,4.1092969271412
3153,Latvia,LVA,1993,3.74141576144842
3154,Latvia,LVA,1994,3.50269660587575
3155,Latvia,LVA,1995,3.691286857733
3156,Latvia,LVA,1996,4.14286708838287
3157,Latvia,LVA,1997,4.26298761787206
3158,Latvia,LVA,1998,4.12863613040666
3159,Latvia,LVA,1999,4.2681205835676
3160,Latvia,LVA,2000,4.34118921869018
3161,Latvia,LVA,2001,4.18632739187378
3162,Latvia,LVA,2002,4.2240725328545
3163,Latvia,LVA,2003,4.26969951648494
3164,Latvia,LVA,2004,4.28626363634107
3165,Latvia,LVA,2005,4.15649496911612
3166,Latvia,LVA,2006,4.00363914601163
3167,Latvia,LVA,2007,4.056973013296901
3168,Latvia,LVA,2008,4.261513281541831
3169,Latvia,LVA,2009,4.39127585250386
3170,Latvia,LVA,2010,4.41943885734169
3171,Latvia,LVA,2011,4.50734276130532
3172,Latvia,LVA,2012,4.53110149807864
3173,Latvia,LVA,2013,4.46578421234372
3174,Latvia,LVA,2014,4.53514946550803
3175,Latvia,LVA,2015,4.58732934959422
3176,Latvia,LVA,2016,4.69140771656141
3177,Latvia,LVA,2017,4.68368605147923
3178,Latvia,LVA,2018,4.66626045176986
3179,Latvia,LVA,2019,4.65809193606428
3180,Lebanon,LBN,1990,5.21249259672074
3181,Lebanon,LBN,1991,5.97961349385045
3182,Lebanon,LBN,1992,6.13400013306691
3183,Lebanon,LBN,1993,6.32818043195607
3184,Lebanon,LBN,1994,6.55061942622084
3185,Lebanon,LBN,1995,6.79775123169752
3186,Lebanon,LBN,1996,6.96512622890608
3187,Lebanon,LBN,1997,7.21904566493381
3188,Lebanon,LBN,1998,7.41166510326265
3189,Lebanon,LBN,1999,7.585597093655159
3190,Lebanon,LBN,2000,7.725209743241599
3191,Lebanon,LBN,2001,7.8590001125403
3192,Lebanon,LBN,2002,7.940048845220559
3193,Lebanon,LBN,2003,7.96972737331276
3194,Lebanon,LBN,2004,8.00935112134786
3195,Lebanon,LBN,2005,7.99859820703422
3196,Lebanon,LBN,2006,7.6858525919468
3197,Lebanon,LBN,2007,8.035102143039751
3198,Lebanon,LBN,2008,8.01885449016633
3199,Lebanon,LBN,2009,8.11873123402943
3200,Lebanon,LBN,2010,8.14164971430041
3201,Lebanon,LBN,2011,8.25755666044761
3202,Lebanon,LBN,2012,8.44775424098488
3203,Lebanon,LBN,2013,8.53024717377134
3204,Lebanon,LBN,2014,8.46397800658923
3205,Lebanon,LBN,2015,8.46731350786355
3206,Lebanon,LBN,2016,8.467930261848961
3207,Lebanon,LBN,2017,8.42745628259176
3208,Lebanon,LBN,2018,8.21965076453274
3209,Lebanon,LBN,2019,8.26140024332405
3210,Lesotho,LSO,1990,2.65528714302483
3211,Lesotho,LSO,1991,2.63373852414612
3212,Lesotho,LSO,1992,2.58789229888548
3213,Lesotho,LSO,1993,2.52247582542123
3214,Lesotho,LSO,1994,2.4350440911434
3215,Lesotho,LSO,1995,2.34787117100364
3216,Lesotho,LSO,1996,2.2503991570032698
3217,Lesotho,LSO,1997,2.13610016571495
3218,Lesotho,LSO,1998,1.9961338199783
3219,Lesotho,LSO,1999,1.88004133585127
3220,Lesotho,LSO,2000,1.76950562017911
3221,Lesotho,LSO,2001,1.6976336304258
3222,Lesotho,LSO,2002,1.62407595412088
3223,Lesotho,LSO,2003,1.55680477327386
3224,Lesotho,LSO,2004,1.50589753911264
3225,Lesotho,LSO,2005,1.49042884933495
3226,Lesotho,LSO,2006,1.51341382407338
3227,Lesotho,LSO,2007,1.57754378554837
3228,Lesotho,LSO,2008,1.66972123311196
3229,Lesotho,LSO,2009,1.76221408950651
3230,Lesotho,LSO,2010,1.82685576391296
3231,Lesotho,LSO,2011,1.8394839858542
3232,Lesotho,LSO,2012,1.8259616728913304
3233,Lesotho,LSO,2013,1.8289112172120097
3234,Lesotho,LSO,2014,1.84097530480739
3235,Lesotho,LSO,2015,1.89359341343792
3236,Lesotho,LSO,2016,2.00217860976498
3237,Lesotho,LSO,2017,2.11382414424083
3238,Lesotho,LSO,2018,2.1856861923710302
3239,Lesotho,LSO,2019,2.22979044948011
3240,Liberia,LBR,1990,0.9562233919282
3241,Liberia,LBR,1991,1.10342928284686
3242,Liberia,LBR,1992,1.13183061911239
3243,Liberia,LBR,1993,1.07892801432661
3244,Liberia,LBR,1994,1.0561769800075198
3245,Liberia,LBR,1995,1.13419706448083
3246,Liberia,LBR,1996,1.14562926008823
3247,Liberia,LBR,1997,1.25641678905647
3248,Liberia,LBR,1998,1.29384011039431
3249,Liberia,LBR,1999,1.34902075381846
3250,Liberia,LBR,2000,1.42165133020114
3251,Liberia,LBR,2001,1.49586101896019
3252,Liberia,LBR,2002,1.52648515297601
3253,Liberia,LBR,2003,1.58928908733839
3254,Liberia,LBR,2004,1.86893800377545
3255,Liberia,LBR,2005,2.01024859569059
3256,Liberia,LBR,2006,2.14676413574445
3257,Liberia,LBR,2007,2.27440399890112
3258,Liberia,LBR,2008,2.37178653487392
3259,Liberia,LBR,2009,2.47441343891931
3260,Liberia,LBR,2010,2.58164100377939
3261,Liberia,LBR,2011,2.67053976053509
3262,Liberia,LBR,2012,2.76606478375527
3263,Liberia,LBR,2013,2.88298335462137
3264,Liberia,LBR,2014,2.5699766545686
3265,Liberia,LBR,2015,2.91956576302816
3266,Liberia,LBR,2016,3.24168982800499
3267,Liberia,LBR,2017,3.42278258659248
3268,Liberia,LBR,2018,3.5450881957271
3269,Liberia,LBR,2019,3.57230008248612
3270,Libya,LBY,1990,5.23343419311312
3271,Libya,LBY,1991,5.47277061160088
3272,Libya,LBY,1992,5.69586358929223
3273,Libya,LBY,1993,6.00765429060785
3274,Libya,LBY,1994,6.28551746600345
3275,Libya,LBY,1995,6.5924128122292105
3276,Libya,LBY,1996,6.08678032208279
3277,Libya,LBY,1997,7.14667541775931
3278,Libya,LBY,1998,7.4014155790612195
3279,Libya,LBY,1999,7.62966105939302
3280,Libya,LBY,2000,7.79522721864944
3281,Libya,LBY,2001,8.02210203668437
3282,Libya,LBY,2002,8.15970421730049
3283,Libya,LBY,2003,8.43025537542623
3284,Libya,LBY,2004,8.80730689727318
3285,Libya,LBY,2005,9.07951159974148
3286,Libya,LBY,2006,9.21114670131751
3287,Libya,LBY,2007,8.99804580676854
3288,Libya,LBY,2008,8.881982416593171
3289,Libya,LBY,2009,8.77531435571794
3290,Libya,LBY,2010,8.920574600448191
3291,Libya,LBY,2011,6.86890721694417
3292,Libya,LBY,2012,9.02492069058448
3293,Libya,LBY,2013,9.14131567772985
3294,Libya,LBY,2014,7.524154093214761
3295,Libya,LBY,2015,7.73980410674667
3296,Libya,LBY,2016,7.53733274054444
3297,Libya,LBY,2017,8.316294587020371
3298,Libya,LBY,2018,8.33144624352206
3299,Libya,LBY,2019,8.46963485605781
3300,Lithuania,LTU,1990,4.92573810007605
3301,Lithuania,LTU,1991,4.70867340338317
3302,Lithuania,LTU,1992,4.70306375603909
3303,Lithuania,LTU,1993,4.39591912798708
3304,Lithuania,LTU,1994,4.29281596057547
3305,Lithuania,LTU,1995,4.39883082791369
3306,Lithuania,LTU,1996,4.67917027438003
3307,Lithuania,LTU,1997,4.92593501467436
3308,Lithuania,LTU,1998,4.98211614453262
3309,Lithuania,LTU,1999,5.0910362655749495
3310,Lithuania,LTU,2000,5.15715056812851
3311,Lithuania,LTU,2001,4.97642170304929
3312,Lithuania,LTU,2002,4.997986142925201
3313,Lithuania,LTU,2003,4.93132005208719
3314,Lithuania,LTU,2004,4.86656094086783
3315,Lithuania,LTU,2005,4.61794663492244
3316,Lithuania,LTU,2006,4.47857732716131
3317,Lithuania,LTU,2007,4.34214793959899
3318,Lithuania,LTU,2008,4.47379842813416
3319,Lithuania,LTU,2009,4.79427616887924
3320,Lithuania,LTU,2010,4.78697533530885
3321,Lithuania,LTU,2011,4.83577954508153
3322,Lithuania,LTU,2012,4.85020327943293
3323,Lithuania,LTU,2013,4.79856698766043
3324,Lithuania,LTU,2014,4.89043795728714
3325,Lithuania,LTU,2015,4.83689061327543
3326,Lithuania,LTU,2016,4.85613754137718
3327,Lithuania,LTU,2017,5.08261749003234
3328,Lithuania,LTU,2018,5.06731158627338
3329,Lithuania,LTU,2019,5.07218851006212
3330,Luxembourg,LUX,1990,6.31588599119854
3331,Luxembourg,LUX,1991,6.34151669677029
3332,Luxembourg,LUX,1992,6.409232105694369
3333,Luxembourg,LUX,1993,6.44799495915114
3334,Luxembourg,LUX,1994,6.543892502627941
3335,Luxembourg,LUX,1995,6.61543810369328
3336,Luxembourg,LUX,1996,6.67566108443842
3337,Luxembourg,LUX,1997,6.7929571300852505
3338,Luxembourg,LUX,1998,6.88292645697591
3339,Luxembourg,LUX,1999,6.97055555375872
3340,Luxembourg,LUX,2000,7.01383865822567
3341,Luxembourg,LUX,2001,7.12918092165924
3342,Luxembourg,LUX,2002,7.1598809057482296
3343,Luxembourg,LUX,2003,7.23342826883447
3344,Luxembourg,LUX,2004,7.28112139401598
3345,Luxembourg,LUX,2005,7.34861066542552
3346,Luxembourg,LUX,2006,7.401358714496969
3347,Luxembourg,LUX,2007,7.49798801792436
3348,Luxembourg,LUX,2008,7.58428681855429
3349,Luxembourg,LUX,2009,7.6126498190942495
3350,Luxembourg,LUX,2010,7.66017847960061
3351,Luxembourg,LUX,2011,7.730182840086861
3352,Luxembourg,LUX,2012,7.815427149013949
3353,Luxembourg,LUX,2013,7.88831931819228
3354,Luxembourg,LUX,2014,7.9703394356651
3355,Luxembourg,LUX,2015,8.05859980776196
3356,Luxembourg,LUX,2016,8.177238810480281
3357,Luxembourg,LUX,2017,8.17532260882419
3358,Luxembourg,LUX,2018,8.16626523186935
3359,Luxembourg,LUX,2019,8.14296085548669
3360,Madagascar,MDG,1990,1.5615924359720998
3361,Madagascar,MDG,1991,1.59494331947992
3362,Madagascar,MDG,1992,1.6293310928504798
3363,Madagascar,MDG,1993,1.65345201378094
3364,Madagascar,MDG,1994,1.702969518196
3365,Madagascar,MDG,1995,1.80272048082941
3366,Madagascar,MDG,1996,1.8464613112773705
3367,Madagascar,MDG,1997,1.89168332711332
3368,Madagascar,MDG,1998,1.9441420851137
3369,Madagascar,MDG,1999,1.99847208076731
3370,Madagascar,MDG,2000,2.06853014104088
3371,Madagascar,MDG,2001,2.13550779159616
3372,Madagascar,MDG,2002,2.1790055281892
3373,Madagascar,MDG,2003,2.24451147013611
3374,Madagascar,MDG,2004,2.30759842022661
3375,Madagascar,MDG,2005,2.39124158515933
3376,Madagascar,MDG,2006,2.46523745376357
3377,Madagascar,MDG,2007,2.53935383751238
3378,Madagascar,MDG,2008,2.61105675987104
3379,Madagascar,MDG,2009,2.6750138638182803
3380,Madagascar,MDG,2010,2.75101070379087
3381,Madagascar,MDG,2011,2.84062188005858
3382,Madagascar,MDG,2012,2.93499745286377
3383,Madagascar,MDG,2013,3.03036094013555
3384,Madagascar,MDG,2014,3.1334755512472
3385,Madagascar,MDG,2015,3.2467383821375
3386,Madagascar,MDG,2016,3.36088458202575
3387,Madagascar,MDG,2017,3.48057104584035
3388,Madagascar,MDG,2018,3.5951514424295
3389,Madagascar,MDG,2019,3.7207627353748505
3390,Malawi,MWI,1990,1.04604916619063
3391,Malawi,MWI,1991,1.04228584037072
3392,Malawi,MWI,1992,1.03732849334205
3393,Malawi,MWI,1993,1.01396550449269
3394,Malawi,MWI,1994,0.99554369007712
3395,Malawi,MWI,1995,1.00260117628248
3396,Malawi,MWI,1996,1.01862886627512
3397,Malawi,MWI,1997,1.03188753146471
3398,Malawi,MWI,1998,1.04087464899429
3399,Malawi,MWI,1999,1.05486554644929
3400,Malawi,MWI,2000,1.08608921926151
3401,Malawi,MWI,2001,1.11488337854347
3402,Malawi,MWI,2002,1.15558282877732
3403,Malawi,MWI,2003,1.20953005071928
3404,Malawi,MWI,2004,1.26313791233914
3405,Malawi,MWI,2005,1.33063675890136
3406,Malawi,MWI,2006,1.41247377829613
3407,Malawi,MWI,2007,1.51273496798791
3408,Malawi,MWI,2008,1.63140155568369
3409,Malawi,MWI,2009,1.7556863583854
3410,Malawi,MWI,2010,1.88975763659916
3411,Malawi,MWI,2011,2.0444221472197
3412,Malawi,MWI,2012,2.22559964588185
3413,Malawi,MWI,2013,2.40163058050556
3414,Malawi,MWI,2014,2.5598775873956403
3415,Malawi,MWI,2015,2.68935822847098
3416,Malawi,MWI,2016,2.81486136334901
3417,Malawi,MWI,2017,2.9935584959061
3418,Malawi,MWI,2018,3.17143265950536
3419,Malawi,MWI,2019,3.3172379180581504
3420,Malaysia,MYS,1990,5.36588609664531
3421,Malaysia,MYS,1991,5.47594237196126
3422,Malaysia,MYS,1992,5.58723517086067
3423,Malaysia,MYS,1993,5.64851436986058
3424,Malaysia,MYS,1994,5.721441050874001
3425,Malaysia,MYS,1995,5.6929397206172005
3426,Malaysia,MYS,1996,5.83079756594536
3427,Malaysia,MYS,1997,5.89761553230468
3428,Malaysia,MYS,1998,6.04298005658035
3429,Malaysia,MYS,1999,5.819341842117169
3430,Malaysia,MYS,2000,6.18100957394641
3431,Malaysia,MYS,2001,6.403335990974419
3432,Malaysia,MYS,2002,6.611719211341099
3433,Malaysia,MYS,2003,6.73948107190684
3434,Malaysia,MYS,2004,6.939438593428281
3435,Malaysia,MYS,2005,7.06982913906055
3436,Malaysia,MYS,2006,7.1335610690021
3437,Malaysia,MYS,2007,7.142174551856351
3438,Malaysia,MYS,2008,7.02675585276458
3439,Malaysia,MYS,2009,6.9063040611488695
3440,Malaysia,MYS,2010,6.98412308083748
3441,Malaysia,MYS,2011,6.979467385010151
3442,Malaysia,MYS,2012,6.98569491269362
3443,Malaysia,MYS,2013,7.1439283677106005
3444,Malaysia,MYS,2014,7.00555586872032
3445,Malaysia,MYS,2015,6.942934358941471
3446,Malaysia,MYS,2016,6.9148169734173495
3447,Malaysia,MYS,2017,6.875948750762941
3448,Malaysia,MYS,2018,6.8725685136026105
3449,Malaysia,MYS,2019,6.77931451556891
3450,Maldives,MDV,1990,2.72219353759727
3451,Maldives,MDV,1991,2.89371612607312
3452,Maldives,MDV,1992,3.09108714442651
3453,Maldives,MDV,1993,3.30052986374698
3454,Maldives,MDV,1994,3.52441810688797
3455,Maldives,MDV,1995,3.76180593035987
3456,Maldives,MDV,1996,4.025810768693431
3457,Maldives,MDV,1997,4.30197446137464
3458,Maldives,MDV,1998,4.57229935060525
3459,Maldives,MDV,1999,4.76327917945589
3460,Maldives,MDV,2000,5.03578636999954
3461,Maldives,MDV,2001,5.27547880578193
3462,Maldives,MDV,2002,5.5752915133039895
3463,Maldives,MDV,2003,5.85272626701574
3464,Maldives,MDV,2004,5.45765013073062
3465,Maldives,MDV,2005,6.30847959032088
3466,Maldives,MDV,2006,6.48676844695183
3467,Maldives,MDV,2007,6.65972898390578
3468,Maldives,MDV,2008,6.804612406049269
3469,Maldives,MDV,2009,6.920665025526181
3470,Maldives,MDV,2010,7.036746406910139
3471,Maldives,MDV,2011,7.14733634361077
3472,Maldives,MDV,2012,7.30413052260179
3473,Maldives,MDV,2013,7.433562173364761
3474,Maldives,MDV,2014,7.557244875916071
3475,Maldives,MDV,2015,7.67119728887911
3476,Maldives,MDV,2016,7.728223329989669
3477,Maldives,MDV,2017,7.83142479935965
3478,Maldives,MDV,2018,7.96438284724842
3479,Maldives,MDV,2019,8.05878138600786
3480,Mali,MLI,1990,0.8014678267388899
3481,Mali,MLI,1991,0.8175713145215501
3482,Mali,MLI,1992,0.83139404202181
3483,Mali,MLI,1993,0.8477463595413
3484,Mali,MLI,1994,0.86071556360292
3485,Mali,MLI,1995,0.87770037974367
3486,Mali,MLI,1996,0.88986361677696
3487,Mali,MLI,1997,0.87569183631632
3488,Mali,MLI,1998,0.8793578582249001
3489,Mali,MLI,1999,0.93742888551775
3490,Mali,MLI,2000,0.95489143273858
3491,Mali,MLI,2001,0.98034881948866
3492,Mali,MLI,2002,1.00434120191818
3493,Mali,MLI,2003,1.03391528132084
3494,Mali,MLI,2004,1.06986840664834
3495,Mali,MLI,2005,1.09930760451474
3496,Mali,MLI,2006,1.12774061705972
3497,Mali,MLI,2007,1.1611696165022
3498,Mali,MLI,2008,1.19455555241605
3499,Mali,MLI,2009,1.2301649482736698
3500,Mali,MLI,2010,1.265283190654
3501,Mali,MLI,2011,1.3030446452013
3502,Mali,MLI,2012,1.3365240739666802
3503,Mali,MLI,2013,1.3584123334142
3504,Mali,MLI,2014,1.40239796644592
3505,Mali,MLI,2015,1.44257556085007
3506,Mali,MLI,2016,1.4925730074631298
3507,Mali,MLI,2017,1.54046920330244
3508,Mali,MLI,2018,1.58802431325837
3509,Mali,MLI,2019,1.65251726586127
3510,Malta,MLT,1990,7.3956411174302
3511,Malta,MLT,1991,7.43052494631657
3512,Malta,MLT,1992,7.453331365107011
3513,Malta,MLT,1993,7.534380774571391
3514,Malta,MLT,1994,7.60585867729309
3515,Malta,MLT,1995,7.599486485512739
3516,Malta,MLT,1996,7.593394784990069
3517,Malta,MLT,1997,7.599486969131811
3518,Malta,MLT,1998,7.663624153042201
3519,Malta,MLT,1999,7.65721524537023
3520,Malta,MLT,2000,7.67356990639015
3521,Malta,MLT,2001,7.68313840077264
3522,Malta,MLT,2002,7.65814940750292
3523,Malta,MLT,2003,7.65869694390043
3524,Malta,MLT,2004,7.67793246195317
3525,Malta,MLT,2005,7.7211305531676
3526,Malta,MLT,2006,7.727250811629769
3527,Malta,MLT,2007,7.684860230519409
3528,Malta,MLT,2008,7.63703763228937
3529,Malta,MLT,2009,7.608580117741679
3530,Malta,MLT,2010,7.59468124518359
3531,Malta,MLT,2011,7.54021473925767
3532,Malta,MLT,2012,7.51695310211546
3533,Malta,MLT,2013,7.52040349727825
3534,Malta,MLT,2014,7.503867002654039
3535,Malta,MLT,2015,7.530040972600919
3536,Malta,MLT,2016,7.42290913601505
3537,Malta,MLT,2017,7.348195161512409
3538,Malta,MLT,2018,7.3207477912834
3539,Malta,MLT,2019,7.30670063464179
3540,Marshall Islands,MHL,1990,3.11557392018908
3541,Marshall Islands,MHL,1991,3.14807092281324
3542,Marshall Islands,MHL,1992,3.17742167605802
3543,Marshall Islands,MHL,1993,3.23161775816107
3544,Marshall Islands,MHL,1994,3.32872199372844
3545,Marshall Islands,MHL,1995,3.33865222504042
3546,Marshall Islands,MHL,1996,3.33674424187494
3547,Marshall Islands,MHL,1997,3.3194875615842
3548,Marshall Islands,MHL,1998,3.3088080984452803
3549,Marshall Islands,MHL,1999,3.2936738345538
3550,Marshall Islands,MHL,2000,3.19148626657668
3551,Marshall Islands,MHL,2001,3.2693602876362795
3552,Marshall Islands,MHL,2002,3.26416479254015
3553,Marshall Islands,MHL,2003,3.25884473836531
3554,Marshall Islands,MHL,2004,3.25672583014935
3555,Marshall Islands,MHL,2005,3.2591307699312804
3556,Marshall Islands,MHL,2006,3.264884067815
3557,Marshall Islands,MHL,2007,3.2899519930116097
3558,Marshall Islands,MHL,2008,3.3174835492272905
3559,Marshall Islands,MHL,2009,3.34861731317039
3560,Marshall Islands,MHL,2010,3.38193550345818
3561,Marshall Islands,MHL,2011,3.4141055784690897
3562,Marshall Islands,MHL,2012,3.4458945821937896
3563,Marshall Islands,MHL,2013,3.47462490285797
3564,Marshall Islands,MHL,2014,3.49575622301924
3565,Marshall Islands,MHL,2015,3.50996682142649
3566,Marshall Islands,MHL,2016,3.5193826021337604
3567,Marshall Islands,MHL,2017,3.5284956633018
3568,Marshall Islands,MHL,2018,3.539233853865769
3569,Marshall Islands,MHL,2019,3.5488731142121
3570,Mauritania,MRT,1990,1.63618019193087
3571,Mauritania,MRT,1991,1.67744728400856
3572,Mauritania,MRT,1992,1.71729026119265
3573,Mauritania,MRT,1993,1.7596028241965802
3574,Mauritania,MRT,1994,1.79556936646601
3575,Mauritania,MRT,1995,1.84908834307181
3576,Mauritania,MRT,1996,1.89476167263769
3577,Mauritania,MRT,1997,1.94555812578359
3578,Mauritania,MRT,1998,1.99098705836649
3579,Mauritania,MRT,1999,2.04313081384681
3580,Mauritania,MRT,2000,2.09640491551303
3581,Mauritania,MRT,2001,2.15412188545394
3582,Mauritania,MRT,2002,2.21461461458739
3583,Mauritania,MRT,2003,2.27374931948319
3584,Mauritania,MRT,2004,2.34333087793072
3585,Mauritania,MRT,2005,2.3998471476951897
3586,Mauritania,MRT,2006,2.50712608465141
3587,Mauritania,MRT,2007,2.59634670458555
3588,Mauritania,MRT,2008,2.6962623485068
3589,Mauritania,MRT,2009,2.78563643880378
3590,Mauritania,MRT,2010,2.88092418227699
3591,Mauritania,MRT,2011,2.98108374704434
3592,Mauritania,MRT,2012,3.0933311381345496
3593,Mauritania,MRT,2013,3.21009644746883
3594,Mauritania,MRT,2014,3.34042591197816
3595,Mauritania,MRT,2015,3.4676942438979204
3596,Mauritania,MRT,2016,3.6118648186242304
3597,Mauritania,MRT,2017,3.75332737381483
3598,Mauritania,MRT,2018,3.89713761752622
3599,Mauritania,MRT,2019,4.03817442694474
3600,Mauritius,MUS,1990,5.47482912582221
3601,Mauritius,MUS,1991,5.6153233148118
3602,Mauritius,MUS,1992,5.56570851042388
3603,Mauritius,MUS,1993,5.51847987485252
3604,Mauritius,MUS,1994,5.57536053174121
3605,Mauritius,MUS,1995,5.61932289949143
3606,Mauritius,MUS,1996,5.60953335162265
3607,Mauritius,MUS,1997,5.61448468415093
3608,Mauritius,MUS,1998,5.81957191321123
3609,Mauritius,MUS,1999,5.84575529727274
3610,Mauritius,MUS,2000,5.9557084180691
3611,Mauritius,MUS,2001,5.99780908450116
3612,Mauritius,MUS,2002,5.92750969361786
3613,Mauritius,MUS,2003,5.92330740821611
3614,Mauritius,MUS,2004,5.93346607095216
3615,Mauritius,MUS,2005,5.87423711766365
3616,Mauritius,MUS,2006,5.85487863752093
3617,Mauritius,MUS,2007,5.85697626728265
3618,Mauritius,MUS,2008,5.77184903120889
3619,Mauritius,MUS,2009,5.71556075824415
3620,Mauritius,MUS,2010,5.74010726226135
3621,Mauritius,MUS,2011,5.7402956675184695
3622,Mauritius,MUS,2012,5.68267781996052
3623,Mauritius,MUS,2013,5.66534513676289
3624,Mauritius,MUS,2014,5.537488873132991
3625,Mauritius,MUS,2015,5.482842097648359
3626,Mauritius,MUS,2016,5.40899331580434
3627,Mauritius,MUS,2017,5.35036649112327
3628,Mauritius,MUS,2018,5.3014137180386
3629,Mauritius,MUS,2019,5.27186730863762
3630,Mexico,MEX,1990,4.08944771067259
3631,Mexico,MEX,1991,4.25791756321161
3632,Mexico,MEX,1992,4.4081631051442
3633,Mexico,MEX,1993,4.5435451210038895
3634,Mexico,MEX,1994,4.687166420350089
3635,Mexico,MEX,1995,4.810937175872009
3636,Mexico,MEX,1996,4.96227415368182
3637,Mexico,MEX,1997,5.10488594139736
3638,Mexico,MEX,1998,5.25024619761206
3639,Mexico,MEX,1999,5.45289165571567
3640,Mexico,MEX,2000,5.6520247530067405
3641,Mexico,MEX,2001,5.80828062522432
3642,Mexico,MEX,2002,5.900117685137389
3643,Mexico,MEX,2003,5.98682776421498
3644,Mexico,MEX,2004,6.13133722516835
3645,Mexico,MEX,2005,6.15856501054326
3646,Mexico,MEX,2006,6.265999623721131
3647,Mexico,MEX,2007,6.361827591134831
3648,Mexico,MEX,2008,6.321062443632949
3649,Mexico,MEX,2009,6.30994072738649
3650,Mexico,MEX,2010,6.4182221811204405
3651,Mexico,MEX,2011,6.484244922292549
3652,Mexico,MEX,2012,6.51620454508086
3653,Mexico,MEX,2013,6.44932255526201
3654,Mexico,MEX,2014,6.4615944676506905
3655,Mexico,MEX,2015,6.4704149503632
3656,Mexico,MEX,2016,6.39854313561793
3657,Mexico,MEX,2017,6.23312753311872
3658,Mexico,MEX,2018,6.24109390623115
3659,Mexico,MEX,2019,6.276511742699641
3660,Micronesia (country),FSM,1990,2.73485644839688
3661,Micronesia (country),FSM,1991,2.78784799947651
3662,Micronesia (country),FSM,1992,2.8401986759107203
3663,Micronesia (country),FSM,1993,2.89598163207289
3664,Micronesia (country),FSM,1994,2.93773988737748
3665,Micronesia (country),FSM,1995,3.0067740957453
3666,Micronesia (country),FSM,1996,3.05211864032954
3667,Micronesia (country),FSM,1997,3.104950418703
3668,Micronesia (country),FSM,1998,3.1545033996331
3669,Micronesia (country),FSM,1999,3.203297426099469
3670,Micronesia (country),FSM,2000,3.14032855194359
3671,Micronesia (country),FSM,2001,3.30755775645981
3672,Micronesia (country),FSM,2002,3.12480372178018
3673,Micronesia (country),FSM,2003,3.39213036984702
3674,Micronesia (country),FSM,2004,3.3920741055907104
3675,Micronesia (country),FSM,2005,3.4109603936355195
3676,Micronesia (country),FSM,2006,3.41908760404541
3677,Micronesia (country),FSM,2007,3.4282599293625697
3678,Micronesia (country),FSM,2008,3.42893136225975
3679,Micronesia (country),FSM,2009,3.43088735882632
3680,Micronesia (country),FSM,2010,3.43840822721146
3681,Micronesia (country),FSM,2011,3.44305997303995
3682,Micronesia (country),FSM,2012,3.4466876737168
3683,Micronesia (country),FSM,2013,3.43775918286945
3684,Micronesia (country),FSM,2014,3.4180837405651303
3685,Micronesia (country),FSM,2015,3.37005533526417
3686,Micronesia (country),FSM,2016,3.3663037292501
3687,Micronesia (country),FSM,2017,3.34363527409228
3688,Micronesia (country),FSM,2018,3.322091222051609
3689,Micronesia (country),FSM,2019,3.30360776263902
3690,Middle East & North Africa (WB),,1990,3.9935994571785502
3691,Middle East & North Africa (WB),,1991,4.27408918838797
3692,Middle East & North Africa (WB),,1992,4.446068672197
3693,Middle East & North Africa (WB),,1993,4.60879250896159
3694,Middle East & North Africa (WB),,1994,4.76889408465762
3695,Middle East & North Africa (WB),,1995,4.945901635254709
3696,Middle East & North Africa (WB),,1996,5.13130925592154
3697,Middle East & North Africa (WB),,1997,5.26603809467151
3698,Middle East & North Africa (WB),,1998,5.43768383051278
3699,Middle East & North Africa (WB),,1999,5.59903949043787
3700,Middle East & North Africa (WB),,2000,5.77279206540749
3701,Middle East & North Africa (WB),,2001,5.91848015470653
3702,Middle East & North Africa (WB),,2002,6.0576382411758205
3703,Middle East & North Africa (WB),,2003,6.04586465103509
3704,Middle East & North Africa (WB),,2004,6.28234149953229
3705,Middle East & North Africa (WB),,2005,6.430548966569689
3706,Middle East & North Africa (WB),,2006,6.493707075354969
3707,Middle East & North Africa (WB),,2007,6.61856997889716
3708,Middle East & North Africa (WB),,2008,6.8272756608368
3709,Middle East & North Africa (WB),,2009,6.980478971885431
3710,Middle East & North Africa (WB),,2010,7.14249389566773
3711,Middle East & North Africa (WB),,2011,7.159668918273431
3712,Middle East & North Africa (WB),,2012,7.10389931939647
3713,Middle East & North Africa (WB),,2013,7.23934491782689
3714,Middle East & North Africa (WB),,2014,7.22571499028732
3715,Middle East & North Africa (WB),,2015,7.34024121664006
3716,Middle East & North Africa (WB),,2016,7.375089352112971
3717,Middle East & North Africa (WB),,2017,7.54309832678308
3718,Middle East & North Africa (WB),,2018,7.807068691282811
3719,Middle East & North Africa (WB),,2019,7.9399379486272
3720,Moldova,MDA,1990,4.170593904836951
3721,Moldova,MDA,1991,4.05363814519605
3722,Moldova,MDA,1992,4.086643970591361
3723,Moldova,MDA,1993,4.1091294845794
3724,Moldova,MDA,1994,3.8080623550281705
3725,Moldova,MDA,1995,3.74540986916444
3726,Moldova,MDA,1996,3.92496857526817
3727,Moldova,MDA,1997,4.209891881436071
3728,Moldova,MDA,1998,4.36346178768367
3729,Moldova,MDA,1999,4.3310311966448
3730,Moldova,MDA,2000,4.31553587038604
3731,Moldova,MDA,2001,4.35018662584595
3732,Moldova,MDA,2002,4.28877862601579
3733,Moldova,MDA,2003,4.2330001075634
3734,Moldova,MDA,2004,4.24093335208246
3735,Moldova,MDA,2005,4.06875022263437
3736,Moldova,MDA,2006,4.12433106545233
3737,Moldova,MDA,2007,4.13067213235171
3738,Moldova,MDA,2008,4.16453287501658
3739,Moldova,MDA,2009,4.151035393107231
3740,Moldova,MDA,2010,4.07576153011781
3741,Moldova,MDA,2011,4.42608919471359
3742,Moldova,MDA,2012,4.44255952792543
3743,Moldova,MDA,2013,4.55448864553659
3744,Moldova,MDA,2014,4.43614324375986
3745,Moldova,MDA,2015,4.35181171732283
3746,Moldova,MDA,2016,4.46206413034969
3747,Moldova,MDA,2017,4.6870552580905205
3748,Moldova,MDA,2018,4.725805459811689
3749,Moldova,MDA,2019,4.75359523385689
3750,Monaco,MCO,1990,6.0411248760749405
3751,Monaco,MCO,1991,6.05262341095223
3752,Monaco,MCO,1992,6.060222210934859
3753,Monaco,MCO,1993,6.0595368636815
3754,Monaco,MCO,1994,6.05572656465038
3755,Monaco,MCO,1995,6.05355679488975
3756,Monaco,MCO,1996,6.04603618362092
3757,Monaco,MCO,1997,6.0396132822497295
3758,Monaco,MCO,1998,6.03502848088216
3759,Monaco,MCO,1999,6.03083053002486
3760,Monaco,MCO,2000,6.03166327095739
3761,Monaco,MCO,2001,6.02575559873524
3762,Monaco,MCO,2002,6.0242366509499
3763,Monaco,MCO,2003,6.02057883484246
3764,Monaco,MCO,2004,6.0174674571208
3765,Monaco,MCO,2005,6.0197262858495
3766,Monaco,MCO,2006,6.02166534156338
3767,Monaco,MCO,2007,6.03462755249151
3768,Monaco,MCO,2008,6.04953676727118
3769,Monaco,MCO,2009,6.04643373973001
3770,Monaco,MCO,2010,6.05546802102573
3771,Monaco,MCO,2011,6.06386154593758
3772,Monaco,MCO,2012,6.07527099701625
3773,Monaco,MCO,2013,6.08993516851519
3774,Monaco,MCO,2014,6.1147142464209
3775,Monaco,MCO,2015,6.14821930404253
3776,Monaco,MCO,2016,6.16721352122106
3777,Monaco,MCO,2017,6.17032338638166
3778,Monaco,MCO,2018,6.183967133780611
3779,Monaco,MCO,2019,6.20306360761255
3780,Mongolia,MNG,1990,2.2868634488552897
3781,Mongolia,MNG,1991,2.37098717140474
3782,Mongolia,MNG,1992,2.40724834467328
3783,Mongolia,MNG,1993,2.43520902629416
3784,Mongolia,MNG,1994,2.50512657783323
3785,Mongolia,MNG,1995,2.60055773512653
3786,Mongolia,MNG,1996,2.68995606561179
3787,Mongolia,MNG,1997,2.8212230683163497
3788,Mongolia,MNG,1998,2.96065322947996
3789,Mongolia,MNG,1999,3.09121686577606
3790,Mongolia,MNG,2000,3.20178894965542
3791,Mongolia,MNG,2001,3.30403577563698
3792,Mongolia,MNG,2002,3.41151267676143
3793,Mongolia,MNG,2003,3.47920015442826
3794,Mongolia,MNG,2004,3.5321939973045704
3795,Mongolia,MNG,2005,3.59522885584561
3796,Mongolia,MNG,2006,3.66487806395568
3797,Mongolia,MNG,2007,3.72318016459873
3798,Mongolia,MNG,2008,3.762224558181361
3799,Mongolia,MNG,2009,3.7808010773493694
3800,Mongolia,MNG,2010,3.7963856465059
3801,Mongolia,MNG,2011,3.83944599194775
3802,Mongolia,MNG,2012,3.91086811193323
3803,Mongolia,MNG,2013,3.98684682344742
3804,Mongolia,MNG,2014,4.07181257606614
3805,Mongolia,MNG,2015,4.1827686511809405
3806,Mongolia,MNG,2016,4.25100882765089
3807,Mongolia,MNG,2017,4.28926904322801
3808,Mongolia,MNG,2018,4.29711267952461
3809,Mongolia,MNG,2019,4.27767301020589
3810,Montenegro,MNE,1990,5.34408837752916
3811,Montenegro,MNE,1991,5.40858451402961
3812,Montenegro,MNE,1992,5.39045250972633
3813,Montenegro,MNE,1993,5.30465301540836
3814,Montenegro,MNE,1994,5.19081855220074
3815,Montenegro,MNE,1995,5.13514073114999
3816,Montenegro,MNE,1996,5.07127558065828
3817,Montenegro,MNE,1997,4.96490272723004
3818,Montenegro,MNE,1998,4.9028368018585695
3819,Montenegro,MNE,1999,4.83739187276402
3820,Montenegro,MNE,2000,4.8196290245534295
3821,Montenegro,MNE,2001,4.79966747240461
3822,Montenegro,MNE,2002,4.78651409718006
3823,Montenegro,MNE,2003,4.72879586183295
3824,Montenegro,MNE,2004,4.69567827225253
3825,Montenegro,MNE,2005,4.65664061580953
3826,Montenegro,MNE,2006,4.64055261608163
3827,Montenegro,MNE,2007,4.6624059057139
3828,Montenegro,MNE,2008,4.6857785214295
3829,Montenegro,MNE,2009,4.69273391330969
3830,Montenegro,MNE,2010,4.73051024087131
3831,Montenegro,MNE,2011,4.74720178078837
3832,Montenegro,MNE,2012,4.76751808579774
3833,Montenegro,MNE,2013,4.72571474343807
3834,Montenegro,MNE,2014,4.70239105054306
3835,Montenegro,MNE,2015,4.688303276747121
3836,Montenegro,MNE,2016,4.67193407319068
3837,Montenegro,MNE,2017,4.65447393231178
3838,Montenegro,MNE,2018,4.67438203738915
3839,Montenegro,MNE,2019,4.69056191601051
3840,Morocco,MAR,1990,4.27801746740116
3841,Morocco,MAR,1991,4.416689915820069
3842,Morocco,MAR,1992,4.45869155912889
3843,Morocco,MAR,1993,4.5568412652325705
3844,Morocco,MAR,1994,4.70877636283403
3845,Morocco,MAR,1995,4.80740530690884
3846,Morocco,MAR,1996,4.96520568031636
3847,Morocco,MAR,1997,5.07394233763162
3848,Morocco,MAR,1998,5.214364926344659
3849,Morocco,MAR,1999,5.32226173938622
3850,Morocco,MAR,2000,5.493181689675461
3851,Morocco,MAR,2001,5.6311112856461
3852,Morocco,MAR,2002,5.75205249110149
3853,Morocco,MAR,2003,5.84839613075477
3854,Morocco,MAR,2004,5.956968606205431
3855,Morocco,MAR,2005,6.10281289766786
3856,Morocco,MAR,2006,6.2300047636515
3857,Morocco,MAR,2007,6.356103609530591
3858,Morocco,MAR,2008,6.453254365278919
3859,Morocco,MAR,2009,6.577836905294871
3860,Morocco,MAR,2010,6.69931404537511
3861,Morocco,MAR,2011,6.833764063624501
3862,Morocco,MAR,2012,6.94000888006117
3863,Morocco,MAR,2013,7.015420366925321
3864,Morocco,MAR,2014,7.1285424777683
3865,Morocco,MAR,2015,7.23643158886158
3866,Morocco,MAR,2016,7.33275121043166
3867,Morocco,MAR,2017,7.41457699281256
3868,Morocco,MAR,2018,7.49774949525748
3869,Morocco,MAR,2019,7.57439395508898
3870,Mozambique,MOZ,1990,1.20156103534331
3871,Mozambique,MOZ,1991,1.22213225104224
3872,Mozambique,MOZ,1992,1.25118619870675
3873,Mozambique,MOZ,1993,1.29030432321369
3874,Mozambique,MOZ,1994,1.317444220425
3875,Mozambique,MOZ,1995,1.31827412703879
3876,Mozambique,MOZ,1996,1.32199376286066
3877,Mozambique,MOZ,1997,1.32789325924996
3878,Mozambique,MOZ,1998,1.34119389018437
3879,Mozambique,MOZ,1999,1.35130758775451
3880,Mozambique,MOZ,2000,1.3636766813686398
3881,Mozambique,MOZ,2001,1.39079294082878
3882,Mozambique,MOZ,2002,1.41088046979832
3883,Mozambique,MOZ,2003,1.43547002780767
3884,Mozambique,MOZ,2004,1.46155885696878
3885,Mozambique,MOZ,2005,1.48872666677458
3886,Mozambique,MOZ,2006,1.53183966561785
3887,Mozambique,MOZ,2007,1.5881369643104
3888,Mozambique,MOZ,2008,1.64382211355233
3889,Mozambique,MOZ,2009,1.6815004155840598
3890,Mozambique,MOZ,2010,1.7182781793297
3891,Mozambique,MOZ,2011,1.75559442129007
3892,Mozambique,MOZ,2012,1.79222246463735
3893,Mozambique,MOZ,2013,1.85122776665631
3894,Mozambique,MOZ,2014,1.94503128615178
3895,Mozambique,MOZ,2015,2.04139794407353
3896,Mozambique,MOZ,2016,2.13697635682297
3897,Mozambique,MOZ,2017,2.23433219424605
3898,Mozambique,MOZ,2018,2.33039930900554
3899,Mozambique,MOZ,2019,2.42253299984507
3900,Myanmar,MMR,1990,1.49054707955255
3901,Myanmar,MMR,1991,1.52489775868148
3902,Myanmar,MMR,1992,1.56287429616755
3903,Myanmar,MMR,1993,1.61102242139728
3904,Myanmar,MMR,1994,1.65574727297654
3905,Myanmar,MMR,1995,1.70235914983478
3906,Myanmar,MMR,1996,1.75275560122042
3907,Myanmar,MMR,1997,1.7967490483386102
3908,Myanmar,MMR,1998,1.84018363429083
3909,Myanmar,MMR,1999,1.8859389339945
3910,Myanmar,MMR,2000,1.93306608033517
3911,Myanmar,MMR,2001,1.98687909868123
3912,Myanmar,MMR,2002,2.0430635801596897
3913,Myanmar,MMR,2003,2.1062734578513003
3914,Myanmar,MMR,2004,2.16981042597044
3915,Myanmar,MMR,2005,2.24660196805276
3916,Myanmar,MMR,2006,2.32003324695836
3917,Myanmar,MMR,2007,2.40277005060076
3918,Myanmar,MMR,2008,1.8718257462008496
3919,Myanmar,MMR,2009,2.57189011538561
3920,Myanmar,MMR,2010,2.67519839256114
3921,Myanmar,MMR,2011,2.77099563692054
3922,Myanmar,MMR,2012,2.87620418703451
3923,Myanmar,MMR,2013,2.98398475595743
3924,Myanmar,MMR,2014,3.08996238711229
3925,Myanmar,MMR,2015,3.17343733506548
3926,Myanmar,MMR,2016,3.26418687097834
3927,Myanmar,MMR,2017,3.26142475770234
3928,Myanmar,MMR,2018,3.43508441393254
3929,Myanmar,MMR,2019,3.50657791293227
3930,Namibia,NAM,1990,2.47073970476987
3931,Namibia,NAM,1991,2.5142797208334
3932,Namibia,NAM,1992,2.54160575520161
3933,Namibia,NAM,1993,2.53577618204616
3934,Namibia,NAM,1994,2.4405843403904
3935,Namibia,NAM,1995,2.41391172627569
3936,Namibia,NAM,1996,2.31615801162663
3937,Namibia,NAM,1997,2.20584607908265
3938,Namibia,NAM,1998,2.08475694131241
3939,Namibia,NAM,1999,1.9824465613884696
3940,Namibia,NAM,2000,1.88370859272994
3941,Namibia,NAM,2001,1.82636038517372
3942,Namibia,NAM,2002,1.7849029747338
3943,Namibia,NAM,2003,1.76006140106782
3944,Namibia,NAM,2004,1.78773709648982
3945,Namibia,NAM,2005,1.8752269158025
3946,Namibia,NAM,2006,2.01105936595521
3947,Namibia,NAM,2007,2.19841845319837
3948,Namibia,NAM,2008,2.36806963289346
3949,Namibia,NAM,2009,2.46020695680114
3950,Namibia,NAM,2010,2.56843263268825
3951,Namibia,NAM,2011,2.6930539937302
3952,Namibia,NAM,2012,2.8700713109087403
3953,Namibia,NAM,2013,2.95261846753358
3954,Namibia,NAM,2014,2.98051443012648
3955,Namibia,NAM,2015,3.02879006949574
3956,Namibia,NAM,2016,3.08545420304088
3957,Namibia,NAM,2017,3.15614695663985
3958,Namibia,NAM,2018,3.27649300206109
3959,Namibia,NAM,2019,3.36756556021649
3960,Nauru,NRU,1990,2.89796746128901
3961,Nauru,NRU,1991,2.90047933789016
3962,Nauru,NRU,1992,2.8991084416065
3963,Nauru,NRU,1993,2.8776082502845
3964,Nauru,NRU,1994,2.83856418311736
3965,Nauru,NRU,1995,2.77987753098307
3966,Nauru,NRU,1996,2.72030701200152
3967,Nauru,NRU,1997,2.65990376710737
3968,Nauru,NRU,1998,2.61997757467146
3969,Nauru,NRU,1999,2.5841304185679
3970,Nauru,NRU,2000,2.55696898990074
3971,Nauru,NRU,2001,2.52768791307947
3972,Nauru,NRU,2002,2.52101814691893
3973,Nauru,NRU,2003,2.52339826076759
3974,Nauru,NRU,2004,2.5297518248607003
3975,Nauru,NRU,2005,2.55359011417226
3976,Nauru,NRU,2006,2.58778404304638
3977,Nauru,NRU,2007,2.62292442275385
3978,Nauru,NRU,2008,2.68412384762028
3979,Nauru,NRU,2009,2.74238857077508
3980,Nauru,NRU,2010,2.8363024410816102
3981,Nauru,NRU,2011,2.93311360359866
3982,Nauru,NRU,2012,3.01813013234825
3983,Nauru,NRU,2013,3.12354183250243
3984,Nauru,NRU,2014,3.23782738598456
3985,Nauru,NRU,2015,3.3274564255366297
3986,Nauru,NRU,2016,3.40452925711042
3987,Nauru,NRU,2017,3.4709169147349104
3988,Nauru,NRU,2018,3.52506382804755
3989,Nauru,NRU,2019,3.57205885760693
3990,Nepal,NPL,1990,1.79187862149183
3991,Nepal,NPL,1991,1.84783197923343
3992,Nepal,NPL,1992,1.94835311898502
3993,Nepal,NPL,1993,2.02968875057854
3994,Nepal,NPL,1994,2.1420197869215
3995,Nepal,NPL,1995,2.2442934648046
3996,Nepal,NPL,1996,2.37201823977026
3997,Nepal,NPL,1997,2.53914881985382
3998,Nepal,NPL,1998,2.70489281352126
3999,Nepal,NPL,1999,2.8936357857930703
4000,Nepal,NPL,2000,3.07445006338701
4001,Nepal,NPL,2001,3.25612077519805
4002,Nepal,NPL,2002,3.3435572057262304
4003,Nepal,NPL,2003,3.5814403445574
4004,Nepal,NPL,2004,3.71234520730713
4005,Nepal,NPL,2005,3.89509186254711
4006,Nepal,NPL,2006,4.0641462893213705
4007,Nepal,NPL,2007,4.22153798958769
4008,Nepal,NPL,2008,4.37868127633895
4009,Nepal,NPL,2009,4.52877578554042
4010,Nepal,NPL,2010,4.68342804321167
4011,Nepal,NPL,2011,4.79667840359298
4012,Nepal,NPL,2012,4.892205201266029
4013,Nepal,NPL,2013,4.95740380300251
4014,Nepal,NPL,2014,5.02160944583418
4015,Nepal,NPL,2015,4.83334890447734
4016,Nepal,NPL,2016,5.200008027303269
4017,Nepal,NPL,2017,5.30434159811616
4018,Nepal,NPL,2018,5.42165017472658
4019,Nepal,NPL,2019,5.53186119937764
4020,Netherlands,NLD,1990,7.79786923127266
4021,Netherlands,NLD,1991,7.8502892671785105
4022,Netherlands,NLD,1992,7.878607913404539
4023,Netherlands,NLD,1993,7.840059560390269
4024,Netherlands,NLD,1994,7.91992027223807
4025,Netherlands,NLD,1995,7.94072986838053
4026,Netherlands,NLD,1996,7.9242025248449295
4027,Netherlands,NLD,1997,7.979726846933979
4028,Netherlands,NLD,1998,7.972390237361859
4029,Netherlands,NLD,1999,7.928260209160889
4030,Netherlands,NLD,2000,7.94015139380123
4031,Netherlands,NLD,2001,7.93968788666813
4032,Netherlands,NLD,2002,7.90455826317526
4033,Netherlands,NLD,2003,7.90156342823747
4034,Netherlands,NLD,2004,7.981313296448921
4035,Netherlands,NLD,2005,8.04465163510849
4036,Netherlands,NLD,2006,8.12930918592474
4037,Netherlands,NLD,2007,8.21275465713445
4038,Netherlands,NLD,2008,8.2344833456757
4039,Netherlands,NLD,2009,8.27273657222363
4040,Netherlands,NLD,2010,8.28937644738719
4041,Netherlands,NLD,2011,8.30877874279936
4042,Netherlands,NLD,2012,8.29275823170859
4043,Netherlands,NLD,2013,8.32717786336776
4044,Netherlands,NLD,2014,8.3502008986073
4045,Netherlands,NLD,2015,8.291701551479761
4046,Netherlands,NLD,2016,8.211367557675569
4047,Netherlands,NLD,2017,8.13804335860512
4048,Netherlands,NLD,2018,8.05643203984479
4049,Netherlands,NLD,2019,7.9882466317363
4050,New Zealand,NZL,1990,7.77881832103427
4051,New Zealand,NZL,1991,7.93861593497293
4052,New Zealand,NZL,1992,8.037910117850359
4053,New Zealand,NZL,1993,8.12015408143632
4054,New Zealand,NZL,1994,8.282167496491311
4055,New Zealand,NZL,1995,8.30893297391783
4056,New Zealand,NZL,1996,8.37294540039248
4057,New Zealand,NZL,1997,8.47230921502443
4058,New Zealand,NZL,1998,8.63911477605324
4059,New Zealand,NZL,1999,8.64409441963384
4060,New Zealand,NZL,2000,8.74394725753031
4061,New Zealand,NZL,2001,8.80900990257963
4062,New Zealand,NZL,2002,8.88499188159596
4063,New Zealand,NZL,2003,9.00922422923312
4064,New Zealand,NZL,2004,9.11626371975751
4065,New Zealand,NZL,2005,9.27222207337282
4066,New Zealand,NZL,2006,9.32189172900539
4067,New Zealand,NZL,2007,9.28384064227604
4068,New Zealand,NZL,2008,9.26688337312984
4069,New Zealand,NZL,2009,9.27910808668463
4070,New Zealand,NZL,2010,9.29374226624731
4071,New Zealand,NZL,2011,9.18923640331862
4072,New Zealand,NZL,2012,9.2210258102155
4073,New Zealand,NZL,2013,9.229246047978233
4074,New Zealand,NZL,2014,9.1323165481731
4075,New Zealand,NZL,2015,9.1092181011677
4076,New Zealand,NZL,2016,9.06993746083414
4077,New Zealand,NZL,2017,8.97741040351835
4078,New Zealand,NZL,2018,8.78696968564678
4079,New Zealand,NZL,2019,8.68505696132039
4080,Nicaragua,NIC,1990,3.60920673559528
4081,Nicaragua,NIC,1991,3.7621834144708
4082,Nicaragua,NIC,1992,3.95651647924805
4083,Nicaragua,NIC,1993,4.15999800155025
4084,Nicaragua,NIC,1994,4.43500026301275
4085,Nicaragua,NIC,1995,4.56069667676231
4086,Nicaragua,NIC,1996,4.77317016140331
4087,Nicaragua,NIC,1997,5.12351995362289
4088,Nicaragua,NIC,1998,4.67874400326171
4089,Nicaragua,NIC,1999,5.6738593214545
4090,Nicaragua,NIC,2000,5.95010960939507
4091,Nicaragua,NIC,2001,6.111945522986121
4092,Nicaragua,NIC,2002,6.23547551999603
4093,Nicaragua,NIC,2003,6.36636603667349
4094,Nicaragua,NIC,2004,6.48728093918082
4095,Nicaragua,NIC,2005,6.52911974929785
4096,Nicaragua,NIC,2006,6.80543411830849
4097,Nicaragua,NIC,2007,6.75706456224366
4098,Nicaragua,NIC,2008,6.82750441418066
4099,Nicaragua,NIC,2009,6.890554707822851
4100,Nicaragua,NIC,2010,6.991999283225129
4101,Nicaragua,NIC,2011,6.984686682997871
4102,Nicaragua,NIC,2012,7.00023963278251
4103,Nicaragua,NIC,2013,7.001322746306431
4104,Nicaragua,NIC,2014,6.982133251842459
4105,Nicaragua,NIC,2015,7.16369126265571
4106,Nicaragua,NIC,2016,7.08412544190483
4107,Nicaragua,NIC,2017,7.191242117083981
4108,Nicaragua,NIC,2018,7.26426677420402
4109,Nicaragua,NIC,2019,7.322982089513171
4110,Niger,NER,1990,0.71183623782419
4111,Niger,NER,1991,0.71237954954469
4112,Niger,NER,1992,0.73051279967268
4113,Niger,NER,1993,0.7389982922677699
4114,Niger,NER,1994,0.7598667132782699
4115,Niger,NER,1995,0.75494514401582
4116,Niger,NER,1996,0.7977303732209401
4117,Niger,NER,1997,0.8186377995529299
4118,Niger,NER,1998,0.8404192223134399
4119,Niger,NER,1999,0.85641011048846
4120,Niger,NER,2000,0.87155656067383
4121,Niger,NER,2001,0.894259101925
4122,Niger,NER,2002,0.93630217904452
4123,Niger,NER,2003,0.96147871251698
4124,Niger,NER,2004,1.03035847356621
4125,Niger,NER,2005,1.06820402537524
4126,Niger,NER,2006,1.13975279726663
4127,Niger,NER,2007,1.18320153895524
4128,Niger,NER,2008,1.26814573386361
4129,Niger,NER,2009,1.31053542115819
4130,Niger,NER,2010,1.34237510907421
4131,Niger,NER,2011,1.37290486287251
4132,Niger,NER,2012,1.40232136457377
4133,Niger,NER,2013,1.44637853268106
4134,Niger,NER,2014,1.49272939323685
4135,Niger,NER,2015,1.53323592387023
4136,Niger,NER,2016,1.5818434297192998
4137,Niger,NER,2017,1.63506455666763
4138,Niger,NER,2018,1.6937984414526102
4139,Niger,NER,2019,1.75606251523959
4140,Nigeria,NGA,1990,1.16977437156238
4141,Nigeria,NGA,1991,1.15792968780495
4142,Nigeria,NGA,1992,1.17365163410296
4143,Nigeria,NGA,1993,1.17821914438777
4144,Nigeria,NGA,1994,1.18273082971829
4145,Nigeria,NGA,1995,1.18691542779104
4146,Nigeria,NGA,1996,1.1880126437175
4147,Nigeria,NGA,1997,1.23159971081055
4148,Nigeria,NGA,1998,1.26260570592885
4149,Nigeria,NGA,1999,1.29012800326768
4150,Nigeria,NGA,2000,1.31237280426228
4151,Nigeria,NGA,2001,1.33303526130055
4152,Nigeria,NGA,2002,1.35900644280121
4153,Nigeria,NGA,2003,1.39268680020879
4154,Nigeria,NGA,2004,1.43179947450907
4155,Nigeria,NGA,2005,1.47943699720532
4156,Nigeria,NGA,2006,1.5240656134905302
4157,Nigeria,NGA,2007,1.5692468116627298
4158,Nigeria,NGA,2008,1.60893444396415
4159,Nigeria,NGA,2009,1.64490634043684
4160,Nigeria,NGA,2010,1.68665556287378
4161,Nigeria,NGA,2011,1.72446216477714
4162,Nigeria,NGA,2012,1.75271650423341
4163,Nigeria,NGA,2013,1.7778082138533502
4164,Nigeria,NGA,2014,1.80898021095554
4165,Nigeria,NGA,2015,1.87104942526618
4166,Nigeria,NGA,2016,1.9624932016633096
4167,Nigeria,NGA,2017,2.0609940000733897
4168,Nigeria,NGA,2018,2.15684655160151
4169,Nigeria,NGA,2019,2.25223177783627
4170,Niue,NIU,1990,3.4205696312758
4171,Niue,NIU,1991,3.41185086155519
4172,Niue,NIU,1992,3.38753179371566
4173,Niue,NIU,1993,3.3977021865769395
4174,Niue,NIU,1994,3.39918608970181
4175,Niue,NIU,1995,3.38470833406009
4176,Niue,NIU,1996,3.36299326559383
4177,Niue,NIU,1997,3.34520482591632
4178,Niue,NIU,1998,3.3496500217879803
4179,Niue,NIU,1999,3.2226437303902804
4180,Niue,NIU,2000,3.32203955093475
4181,Niue,NIU,2001,3.30265894714901
4182,Niue,NIU,2002,3.28446606935734
4183,Niue,NIU,2003,3.26375348551876
4184,Niue,NIU,2004,2.99316662086117
4185,Niue,NIU,2005,3.25534277264307
4186,Niue,NIU,2006,3.26069879192304
4187,Niue,NIU,2007,3.28654771779014
4188,Niue,NIU,2008,3.31074036938155
4189,Niue,NIU,2009,3.3775866435058104
4190,Niue,NIU,2010,3.43470821747824
4191,Niue,NIU,2011,3.46240100746592
4192,Niue,NIU,2012,3.4929497422332605
4193,Niue,NIU,2013,3.51602777340291
4194,Niue,NIU,2014,3.5362165328859803
4195,Niue,NIU,2015,3.5585711546378804
4196,Niue,NIU,2016,3.57034496432338
4197,Niue,NIU,2017,3.5791614861465004
4198,Niue,NIU,2018,3.58494972397554
4199,Niue,NIU,2019,3.59160152297416
4200,North America (WB),,1990,6.257476950931851
4201,North America (WB),,1991,6.386902154253759
4202,North America (WB),,1992,6.52212596529845
4203,North America (WB),,1993,6.566153769391899
4204,North America (WB),,1994,6.65534176579234
4205,North America (WB),,1995,6.73652278562376
4206,North America (WB),,1996,6.93017805240414
4207,North America (WB),,1997,7.175710122745
4208,North America (WB),,1998,7.3620909127781795
4209,North America (WB),,1999,7.478030933964399
4210,North America (WB),,2000,7.54076961298184
4211,North America (WB),,2001,7.51475324810629
4212,North America (WB),,2002,7.48551536379748
4213,North America (WB),,2003,7.44918085087003
4214,North America (WB),,2004,7.46677437263688
4215,North America (WB),,2005,7.39754473094861
4216,North America (WB),,2006,7.410955257082839
4217,North America (WB),,2007,7.431258552134951
4218,North America (WB),,2008,7.43635221725627
4219,North America (WB),,2009,7.45405208997694
4220,North America (WB),,2010,7.46278849088549
4221,North America (WB),,2011,7.36912742524089
4222,North America (WB),,2012,7.24641412644948
4223,North America (WB),,2013,7.09347078239312
4224,North America (WB),,2014,6.94067493173691
4225,North America (WB),,2015,6.797727308135169
4226,North America (WB),,2016,6.66659252872898
4227,North America (WB),,2017,6.608832326479511
4228,North America (WB),,2018,6.56026506451623
4229,North America (WB),,2019,6.56636487524882
4230,North Korea,PRK,1990,2.82819852528037
4231,North Korea,PRK,1991,2.88391928711167
4232,North Korea,PRK,1992,2.94268089393598
4233,North Korea,PRK,1993,2.9941590411413603
4234,North Korea,PRK,1994,3.06030720235825
4235,North Korea,PRK,1995,2.2083766772623004
4236,North Korea,PRK,1996,2.22439605226623
4237,North Korea,PRK,1997,2.27165094718037
4238,North Korea,PRK,1998,2.31917601098398
4239,North Korea,PRK,1999,2.37075464773407
4240,North Korea,PRK,2000,2.65888788984188
4241,North Korea,PRK,2001,2.71851335071141
4242,North Korea,PRK,2002,2.7794377191119697
4243,North Korea,PRK,2003,3.70223002066331
4244,North Korea,PRK,2004,3.74598320564391
4245,North Korea,PRK,2005,3.79085030083931
4246,North Korea,PRK,2006,3.82611540486294
4247,North Korea,PRK,2007,3.8431004946843697
4248,North Korea,PRK,2008,3.8899619550051097
4249,North Korea,PRK,2009,3.91924968655578
4250,North Korea,PRK,2010,3.94833777964294
4251,North Korea,PRK,2011,3.98015721150587
4252,North Korea,PRK,2012,4.01375301701329
4253,North Korea,PRK,2013,4.05226725445114
4254,North Korea,PRK,2014,4.08645591592334
4255,North Korea,PRK,2015,4.11428904938829
4256,North Korea,PRK,2016,4.12138410268489
4257,North Korea,PRK,2017,4.1461217640629
4258,North Korea,PRK,2018,4.16413005724327
4259,North Korea,PRK,2019,4.19230505699684
4260,North Macedonia,MKD,1990,4.26657546899915
4261,North Macedonia,MKD,1991,4.3385819383929
4262,North Macedonia,MKD,1992,4.230933503707321
4263,North Macedonia,MKD,1993,4.191241641727641
4264,North Macedonia,MKD,1994,4.26069961791296
4265,North Macedonia,MKD,1995,4.28357727637593
4266,North Macedonia,MKD,1996,4.340006093485449
4267,North Macedonia,MKD,1997,4.43649946601222
4268,North Macedonia,MKD,1998,4.45137372612475
4269,North Macedonia,MKD,1999,4.4075483423467805
4270,North Macedonia,MKD,2000,4.33826802094711
4271,North Macedonia,MKD,2001,4.29667602504732
4272,North Macedonia,MKD,2002,4.32296920168296
4273,North Macedonia,MKD,2003,4.34522186017111
4274,North Macedonia,MKD,2004,4.44186506972592
4275,North Macedonia,MKD,2005,4.4647854695571
4276,North Macedonia,MKD,2006,4.3985669169806405
4277,North Macedonia,MKD,2007,4.3747711635529
4278,North Macedonia,MKD,2008,4.46678829166709
4279,North Macedonia,MKD,2009,4.45069221293946
4280,North Macedonia,MKD,2010,4.50627300525442
4281,North Macedonia,MKD,2011,4.56166924813591
4282,North Macedonia,MKD,2012,4.51411942733954
4283,North Macedonia,MKD,2013,4.554778938287559
4284,North Macedonia,MKD,2014,4.50168073461865
4285,North Macedonia,MKD,2015,4.45277562229871
4286,North Macedonia,MKD,2016,4.40490245496554
4287,North Macedonia,MKD,2017,4.4286665147402005
4288,North Macedonia,MKD,2018,4.43801358133381
4289,North Macedonia,MKD,2019,4.42525288749808
4290,Northern Ireland,,1990,6.82198984394672
4291,Northern Ireland,,1991,6.912705835629921
4292,Northern Ireland,,1992,7.04747159320888
4293,Northern Ireland,,1993,7.05032966730772
4294,Northern Ireland,,1994,7.158147075462749
4295,Northern Ireland,,1995,7.26027700163833
4296,Northern Ireland,,1996,7.52096427489025
4297,Northern Ireland,,1997,7.782062421068869
4298,Northern Ireland,,1998,8.02666858618387
4299,Northern Ireland,,1999,8.25128193985542
4300,Northern Ireland,,2000,8.55703427991422
4301,Northern Ireland,,2001,8.76618347828817
4302,Northern Ireland,,2002,8.781966345755201
4303,Northern Ireland,,2003,8.89416157980098
4304,Northern Ireland,,2004,8.90492835971833
4305,Northern Ireland,,2005,8.9362581021638
4306,Northern Ireland,,2006,8.894884751263719
4307,Northern Ireland,,2007,8.89023842397908
4308,Northern Ireland,,2008,8.93709505917251
4309,Northern Ireland,,2009,9.00144626304806
4310,Northern Ireland,,2010,9.02503160753892
4311,Northern Ireland,,2011,9.12802751267679
4312,Northern Ireland,,2012,9.02384280601402
4313,Northern Ireland,,2013,8.915588821793689
4314,Northern Ireland,,2014,8.83841833901937
4315,Northern Ireland,,2015,8.69894801073472
4316,Northern Ireland,,2016,8.59447207734427
4317,Northern Ireland,,2017,8.46152537751645
4318,Northern Ireland,,2018,8.31154103957061
4319,Northern Ireland,,2019,8.25510643677964
4320,Northern Mariana Islands,MNP,1990,5.41445515919912
4321,Northern Mariana Islands,MNP,1991,5.436321775531059
4322,Northern Mariana Islands,MNP,1992,5.4585266725209305
4323,Northern Mariana Islands,MNP,1993,5.485307696288539
4324,Northern Mariana Islands,MNP,1994,5.51592160303794
4325,Northern Mariana Islands,MNP,1995,5.54631710219337
4326,Northern Mariana Islands,MNP,1996,5.595713086393641
4327,Northern Mariana Islands,MNP,1997,5.649012524171511
4328,Northern Mariana Islands,MNP,1998,5.71480873093767
4329,Northern Mariana Islands,MNP,1999,5.823644336944
4330,Northern Mariana Islands,MNP,2000,5.86793429094401
4331,Northern Mariana Islands,MNP,2001,5.80325624804676
4332,Northern Mariana Islands,MNP,2002,5.70422080149749
4333,Northern Mariana Islands,MNP,2003,5.5944485978803495
4334,Northern Mariana Islands,MNP,2004,5.43337677974753
4335,Northern Mariana Islands,MNP,2005,5.378293031283761
4336,Northern Mariana Islands,MNP,2006,5.35938465236208
4337,Northern Mariana Islands,MNP,2007,5.27549229979818
4338,Northern Mariana Islands,MNP,2008,5.241297670616929
4339,Northern Mariana Islands,MNP,2009,5.13405145807769
4340,Northern Mariana Islands,MNP,2010,5.04129683641907
4341,Northern Mariana Islands,MNP,2011,4.92642449141322
4342,Northern Mariana Islands,MNP,2012,4.83944906383668
4343,Northern Mariana Islands,MNP,2013,4.76716549318661
4344,Northern Mariana Islands,MNP,2014,4.69383526262675
4345,Northern Mariana Islands,MNP,2015,4.57505486399442
4346,Northern Mariana Islands,MNP,2016,4.4692077316593295
4347,Northern Mariana Islands,MNP,2017,4.39393788785509
4348,Northern Mariana Islands,MNP,2018,4.31100230840299
4349,Northern Mariana Islands,MNP,2019,4.28789108853987
4350,Norway,NOR,1990,6.15545227788542
4351,Norway,NOR,1991,6.267034494602711
4352,Norway,NOR,1992,6.3178599793381
4353,Norway,NOR,1993,6.37311661350775
4354,Norway,NOR,1994,6.449214690885061
4355,Norway,NOR,1995,6.53073772148659
4356,Norway,NOR,1996,6.58060683305996
4357,Norway,NOR,1997,6.58411089838623
4358,Norway,NOR,1998,6.54567783469156
4359,Norway,NOR,1999,6.55121540342765
4360,Norway,NOR,2000,6.603626468372401
4361,Norway,NOR,2001,6.71754895906078
4362,Norway,NOR,2002,6.852219502588531
4363,Norway,NOR,2003,7.06689038065346
4364,Norway,NOR,2004,7.25221222910421
4365,Norway,NOR,2005,7.38192669328349
4366,Norway,NOR,2006,7.4301505957657
4367,Norway,NOR,2007,7.44070391718118
4368,Norway,NOR,2008,7.470149169102271
4369,Norway,NOR,2009,7.509139503401229
4370,Norway,NOR,2010,7.5882853449124195
4371,Norway,NOR,2011,7.59095266848155
4372,Norway,NOR,2012,7.74698559279132
4373,Norway,NOR,2013,7.84121197251265
4374,Norway,NOR,2014,7.99756941180375
4375,Norway,NOR,2015,8.10672316223291
4376,Norway,NOR,2016,8.15055735438507
4377,Norway,NOR,2017,8.24245587048424
4378,Norway,NOR,2018,8.16602558041321
4379,Norway,NOR,2019,8.05717912438309
4380,OECD Countries,,1990,5.893512642273159
4381,OECD Countries,,1991,5.9552817373455
4382,OECD Countries,,1992,6.03114304271289
4383,OECD Countries,,1993,6.08117878894048
4384,OECD Countries,,1994,6.13949013927816
4385,OECD Countries,,1995,6.19128956346414
4386,OECD Countries,,1996,6.3125527494088605
4387,OECD Countries,,1997,6.4473509328422
4388,OECD Countries,,1998,6.54663429713976
4389,OECD Countries,,1999,6.61478482542287
4390,OECD Countries,,2000,6.741168723986391
4391,OECD Countries,,2001,6.7939934489348905
4392,OECD Countries,,2002,6.823132081913991
4393,OECD Countries,,2003,6.83919410698849
4394,OECD Countries,,2004,6.90792238928364
4395,OECD Countries,,2005,6.9151534218825095
4396,OECD Countries,,2006,6.96143369644525
4397,OECD Countries,,2007,6.99202111403788
4398,OECD Countries,,2008,7.011895505602291
4399,OECD Countries,,2009,7.02957439004816
4400,OECD Countries,,2010,7.059307067818731
4401,OECD Countries,,2011,7.03866076901735
4402,OECD Countries,,2012,7.01476664154759
4403,OECD Countries,,2013,6.96592783948462
4404,OECD Countries,,2014,6.92717395364545
4405,OECD Countries,,2015,6.86155783296661
4406,OECD Countries,,2016,6.807988310761449
4407,OECD Countries,,2017,6.75567737123431
4408,OECD Countries,,2018,6.708683980463789
4409,OECD Countries,,2019,6.68547314149682
4410,Oman,OMN,1990,4.994548731247351
4411,Oman,OMN,1991,5.20110754502247
4412,Oman,OMN,1992,5.492515358473
4413,Oman,OMN,1993,5.70820822216134
4414,Oman,OMN,1994,5.9028655504781
4415,Oman,OMN,1995,6.1027812140253
4416,Oman,OMN,1996,6.30392343582282
4417,Oman,OMN,1997,6.53531216394605
4418,Oman,OMN,1998,6.75461642411004
4419,Oman,OMN,1999,6.93996180005612
4420,Oman,OMN,2000,7.08479187206508
4421,Oman,OMN,2001,7.26820270520277
4422,Oman,OMN,2002,7.40239521682792
4423,Oman,OMN,2003,7.586729378819109
4424,Oman,OMN,2004,7.7667346369354195
4425,Oman,OMN,2005,7.82563897536064
4426,Oman,OMN,2006,7.75070157727146
4427,Oman,OMN,2007,7.64317938584837
4428,Oman,OMN,2008,7.75342079573436
4429,Oman,OMN,2009,7.8903239119670205
4430,Oman,OMN,2010,8.06170993008473
4431,Oman,OMN,2011,8.34324564789741
4432,Oman,OMN,2012,8.85347367110934
4433,Oman,OMN,2013,9.280876319637631
4434,Oman,OMN,2014,9.53577450469966
4435,Oman,OMN,2015,9.6941463447403
4436,Oman,OMN,2016,9.85737554844886
4437,Oman,OMN,2017,10.01725251611053
4438,Oman,OMN,2018,10.20803914591075
4439,Oman,OMN,2019,10.41198287399112
4440,Pakistan,PAK,1990,1.8116338125917
4441,Pakistan,PAK,1991,1.82175544425201
4442,Pakistan,PAK,1992,1.8298391368254
4443,Pakistan,PAK,1993,1.8402191404805897
4444,Pakistan,PAK,1994,1.8466300281333896
4445,Pakistan,PAK,1995,1.852168028675809
4446,Pakistan,PAK,1996,1.88519551237718
4447,Pakistan,PAK,1997,1.9111473563172097
4448,Pakistan,PAK,1998,1.95558520521819
4449,Pakistan,PAK,1999,1.99047690776234
4450,Pakistan,PAK,2000,2.02879751000706
4451,Pakistan,PAK,2001,2.068315879574
4452,Pakistan,PAK,2002,2.1017832964838097
4453,Pakistan,PAK,2003,2.1421524155735
4454,Pakistan,PAK,2004,2.19112857686797
4455,Pakistan,PAK,2005,2.14631269374602
4456,Pakistan,PAK,2006,2.29947351828384
4457,Pakistan,PAK,2007,2.3709176228027697
4458,Pakistan,PAK,2008,2.41926542319104
4459,Pakistan,PAK,2009,2.47389506903408
4460,Pakistan,PAK,2010,2.5153026059618897
4461,Pakistan,PAK,2011,2.59485961076839
4462,Pakistan,PAK,2012,2.65835685048345
4463,Pakistan,PAK,2013,2.71556483185463
4464,Pakistan,PAK,2014,2.7771175007576696
4465,Pakistan,PAK,2015,2.8573584400078
4466,Pakistan,PAK,2016,2.92461646833357
4467,Pakistan,PAK,2017,3.008096977952
4468,Pakistan,PAK,2018,3.1631762328631496
4469,Pakistan,PAK,2019,3.29501934030619
4470,Palau,PLW,1990,3.5081518978406905
4471,Palau,PLW,1991,3.57101947473307
4472,Palau,PLW,1992,3.62714595551443
4473,Palau,PLW,1993,3.653971105695121
4474,Palau,PLW,1994,3.71595808749527
4475,Palau,PLW,1995,3.7452134946755296
4476,Palau,PLW,1996,3.73909904531629
4477,Palau,PLW,1997,3.7950395370399694
4478,Palau,PLW,1998,3.80959030393859
4479,Palau,PLW,1999,3.80232878644896
4480,Palau,PLW,2000,3.8174129649069695
4481,Palau,PLW,2001,3.83626387122718
4482,Palau,PLW,2002,3.8535530107787
4483,Palau,PLW,2003,3.86461521359354
4484,Palau,PLW,2004,3.83044798740178
4485,Palau,PLW,2005,3.77011452849522
4486,Palau,PLW,2006,3.75440379909725
4487,Palau,PLW,2007,3.73272401789394
4488,Palau,PLW,2008,3.7011536910562297
4489,Palau,PLW,2009,3.6548200020312
4490,Palau,PLW,2010,3.6137109913435097
4491,Palau,PLW,2011,3.57694607709427
4492,Palau,PLW,2012,3.54912936060331
4493,Palau,PLW,2013,3.51160503903815
4494,Palau,PLW,2014,3.47994448163206
4495,Palau,PLW,2015,3.45514768684722
4496,Palau,PLW,2016,3.4275841107734
4497,Palau,PLW,2017,3.3957703886227404
4498,Palau,PLW,2018,3.3627146049173504
4499,Palau,PLW,2019,3.3249466193165502
4500,Palestine,PSE,1990,5.34187198473699
4501,Palestine,PSE,1991,5.50400741874039
4502,Palestine,PSE,1992,5.67377544183735
4503,Palestine,PSE,1993,5.910164358828561
4504,Palestine,PSE,1994,6.23734261856739
4505,Palestine,PSE,1995,6.49971525595314
4506,Palestine,PSE,1996,6.7469674510705
4507,Palestine,PSE,1997,7.04383668431407
4508,Palestine,PSE,1998,7.36667818919868
4509,Palestine,PSE,1999,7.65430844764169
4510,Palestine,PSE,2000,6.72018877573627
4511,Palestine,PSE,2001,6.46237458063417
4512,Palestine,PSE,2002,6.16527891824294
4513,Palestine,PSE,2003,6.748922596788311
4514,Palestine,PSE,2004,6.734135704570949
4515,Palestine,PSE,2005,7.49413117913084
4516,Palestine,PSE,2006,6.65643661411524
4517,Palestine,PSE,2007,7.7761743668262
4518,Palestine,PSE,2008,6.50446620063917
4519,Palestine,PSE,2009,6.76606400158658
4520,Palestine,PSE,2010,9.554868040833847
4521,Palestine,PSE,2011,9.7081190906529
4522,Palestine,PSE,2012,9.61019094610945
4523,Palestine,PSE,2013,10.45842704191237
4524,Palestine,PSE,2014,10.49801861592206
4525,Palestine,PSE,2015,10.54987793819464
4526,Palestine,PSE,2016,10.64132600892625
4527,Palestine,PSE,2017,10.81046047148069
4528,Palestine,PSE,2018,10.81297832933387
4529,Palestine,PSE,2019,11.05824146404392
4530,Panama,PAN,1990,5.79298442941548
4531,Panama,PAN,1991,5.8558873549904
4532,Panama,PAN,1992,5.88981738231473
4533,Panama,PAN,1993,5.85728967431454
4534,Panama,PAN,1994,5.91471888072952
4535,Panama,PAN,1995,5.89060024883752
4536,Panama,PAN,1996,5.98772274880724
4537,Panama,PAN,1997,5.94715042779924
4538,Panama,PAN,1998,6.02340853570705
4539,Panama,PAN,1999,6.14119478266983
4540,Panama,PAN,2000,6.32942000627787
4541,Panama,PAN,2001,6.402793258443901
4542,Panama,PAN,2002,6.446140735124089
4543,Panama,PAN,2003,6.447495527385789
4544,Panama,PAN,2004,6.512184486228049
4545,Panama,PAN,2005,6.50873804795076
4546,Panama,PAN,2006,6.455111010153231
4547,Panama,PAN,2007,6.47655815657148
4548,Panama,PAN,2008,6.388148915359181
4549,Panama,PAN,2009,6.35637759585924
4550,Panama,PAN,2010,6.389307412832509
4551,Panama,PAN,2011,6.40055693290727
4552,Panama,PAN,2012,6.361661400462911
4553,Panama,PAN,2013,6.40161490079528
4554,Panama,PAN,2014,6.44598272694637
4555,Panama,PAN,2015,6.56409155309511
4556,Panama,PAN,2016,6.64904846324144
4557,Panama,PAN,2017,6.713571482741271
4558,Panama,PAN,2018,6.76158955657389
4559,Panama,PAN,2019,6.79539049512583
