,Entity,Code,Year,Prevalence - Depressive disorders - Sex: Both - Age: Age-standardized (Percent)
4520,Palestine,PSE,2010,7.341068567588841
4521,Palestine,PSE,2011,7.30291559647487
4522,Palestine,PSE,2012,7.22831331617768
4523,Palestine,PSE,2013,7.127399867079209
4524,Palestine,PSE,2014,7.01155919545572
4525,Palestine,PSE,2015,6.891013911999449
4526,Palestine,PSE,2016,6.6897498154323
4527,Palestine,PSE,2017,6.541046282918769
4528,Palestine,PSE,2018,6.5313092165581805
4529,Palestine,PSE,2019,6.54381498363225
4530,Panama,PAN,1990,3.07637328176104
4531,Panama,PAN,1991,3.0721985787925
4532,Panama,PAN,1992,3.06972486440982
4533,Panama,PAN,1993,3.0678166289201
4534,Panama,PAN,1994,3.0682989944520003
4535,Panama,PAN,1995,3.07060301190654
4536,Panama,PAN,1996,3.07491296426432
4537,Panama,PAN,1997,3.08386599311298
4538,Panama,PAN,1998,3.09419377129137
4539,Panama,PAN,1999,3.1040986056866
4540,Panama,PAN,2000,3.11117942759174
4541,Panama,PAN,2001,3.1155817662150103
4542,Panama,PAN,2002,3.12078262901562
4543,Panama,PAN,2003,3.1236228044415704
4544,Panama,PAN,2004,3.12852819166139
4545,Panama,PAN,2005,3.12863006092595
4546,Panama,PAN,2006,3.12605302731629
4547,Panama,PAN,2007,3.1183163532415703
4548,Panama,PAN,2008,3.11088413242386
4549,Panama,PAN,2009,3.10483816628692
4550,Panama,PAN,2010,3.10191230784059
4551,Panama,PAN,2011,3.10310598727047
4552,Panama,PAN,2012,3.10483523376228
4553,Panama,PAN,2013,3.10714487995905
4554,Panama,PAN,2014,3.11074773044735
4555,Panama,PAN,2015,3.11310461178942
4556,Panama,PAN,2016,3.11534960902557
4557,Panama,PAN,2017,3.11754083427521
4558,Panama,PAN,2018,3.11970615924391
4559,Panama,PAN,2019,3.12005142124314
4560,Papua New Guinea,PNG,1990,3.2219090432196498
4561,Papua New Guinea,PNG,1991,3.22318998017104
4562,Papua New Guinea,PNG,1992,3.2232042707671003
4563,Papua New Guinea,PNG,1993,3.22173343335907
4564,Papua New Guinea,PNG,1994,3.2205005564874
4565,Papua New Guinea,PNG,1995,3.21983181288305
4566,Papua New Guinea,PNG,1996,3.21670497435243
4567,Papua New Guinea,PNG,1997,3.21166942020511
4568,Papua New Guinea,PNG,1998,3.20437431513134
4569,Papua New Guinea,PNG,1999,3.1969670425416297
4570,Papua New Guinea,PNG,2000,3.1932742439644004
4571,Papua New Guinea,PNG,2001,3.18975114990792
4572,Papua New Guinea,PNG,2002,3.1869362648214503
4573,Papua New Guinea,PNG,2003,3.18285642179871
4574,Papua New Guinea,PNG,2004,3.18078868867711
4575,Papua New Guinea,PNG,2005,3.1779712574694705
4576,Papua New Guinea,PNG,2006,3.17252983243247
4577,Papua New Guinea,PNG,2007,3.16687498910465
4578,Papua New Guinea,PNG,2008,3.16073267364844
4579,Papua New Guinea,PNG,2009,3.15623586520926
4580,Papua New Guinea,PNG,2010,3.15185408607864
4581,Papua New Guinea,PNG,2011,3.14991761579168
4582,Papua New Guinea,PNG,2012,3.1471732417468097
4583,Papua New Guinea,PNG,2013,3.14642809103888
4584,Papua New Guinea,PNG,2014,3.14494796732692
4585,Papua New Guinea,PNG,2015,3.14495619317602
4586,Papua New Guinea,PNG,2016,3.14251884648618
4587,Papua New Guinea,PNG,2017,3.14179692511493
4588,Papua New Guinea,PNG,2018,3.14155097153338
4589,Papua New Guinea,PNG,2019,3.13961724123298
4590,Paraguay,PRY,1990,3.62726694015197
4591,Paraguay,PRY,1991,3.64409251941535
4592,Paraguay,PRY,1992,3.65807690645682
4593,Paraguay,PRY,1993,3.66973270561814
4594,Paraguay,PRY,1994,3.68026327391267
4595,Paraguay,PRY,1995,3.68618836527044
4596,Paraguay,PRY,1996,3.68513872812512
4597,Paraguay,PRY,1997,3.67551074401372
4598,Paraguay,PRY,1998,3.66198423497264
4599,Paraguay,PRY,1999,3.65028046420442
4600,Paraguay,PRY,2000,3.64869417020356
4601,Paraguay,PRY,2001,3.65552300752061
4602,Paraguay,PRY,2002,3.6683681308530303
4603,Paraguay,PRY,2003,3.68428043501985
4604,Paraguay,PRY,2004,3.69489313296312
4605,Paraguay,PRY,2005,3.7056760310315697
4606,Paraguay,PRY,2006,3.7113212603508097
4607,Paraguay,PRY,2007,3.7203824159267103
4608,Paraguay,PRY,2008,3.72966377386005
4609,Paraguay,PRY,2009,3.73916045460893
4610,Paraguay,PRY,2010,3.7496720063444497
4611,Paraguay,PRY,2011,3.7704435970918895
4612,Paraguay,PRY,2012,3.80840218497654
4613,Paraguay,PRY,2013,3.8527256037696898
4614,Paraguay,PRY,2014,3.89035926090349
4615,Paraguay,PRY,2015,3.91095834365561
4616,Paraguay,PRY,2016,3.91395938855224
4617,Paraguay,PRY,2017,3.91301589284556
4618,Paraguay,PRY,2018,3.90820078339508
4619,Paraguay,PRY,2019,3.89917590987233
4620,Peru,PER,1990,2.50440483178521
4621,Peru,PER,1991,2.5040445232490502
4622,Peru,PER,1992,2.5018433434787
4623,Peru,PER,1993,2.49891190543069
4624,Peru,PER,1994,2.49469402766951
4625,Peru,PER,1995,2.49135289597812
4626,Peru,PER,1996,2.48639454945083
4627,Peru,PER,1997,2.47708510109931
4628,Peru,PER,1998,2.46509719650112
4629,Peru,PER,1999,2.45342494110459
4630,Peru,PER,2000,2.443768412162
4631,Peru,PER,2001,2.43662006297016
4632,Peru,PER,2002,2.4301426541010698
4633,Peru,PER,2003,2.42381287191629
4634,Peru,PER,2004,2.41423327361752
4635,Peru,PER,2005,2.40309525131386
4636,Peru,PER,2006,2.38031016786079
4637,Peru,PER,2007,2.34455828099115
4638,Peru,PER,2008,2.30756682941182
4639,Peru,PER,2009,2.27861678888022
4640,Peru,PER,2010,2.26620980263065
4641,Peru,PER,2011,2.26974907806789
4642,Peru,PER,2012,2.27944267067733
4643,Peru,PER,2013,2.29322088795026
4644,Peru,PER,2014,2.30590569558812
4645,Peru,PER,2015,2.31207092297259
4646,Peru,PER,2016,2.3139352513263
4647,Peru,PER,2017,2.31696911990579
4648,Peru,PER,2018,2.32114230321896
4649,Peru,PER,2019,2.32641601561448
4650,Philippines,PHL,1990,3.16269664453524
4651,Philippines,PHL,1991,3.14228991843717
4652,Philippines,PHL,1992,3.11970256298714
4653,Philippines,PHL,1993,3.09549948022252
4654,Philippines,PHL,1994,3.07152975317114
4655,Philippines,PHL,1995,3.04847752769918
4656,Philippines,PHL,1996,3.01935463700489
4657,Philippines,PHL,1997,2.98185425753656
4658,Philippines,PHL,1998,2.9419249734697903
4659,Philippines,PHL,1999,2.90688420193444
4660,Philippines,PHL,2000,2.88345894715723
4661,Philippines,PHL,2001,2.86683700165345
4662,Philippines,PHL,2002,2.85041176876704
4663,Philippines,PHL,2003,2.83676792629547
4664,Philippines,PHL,2004,2.8278666713254097
4665,Philippines,PHL,2005,2.82421800811634
4666,Philippines,PHL,2006,2.82407412566296
4667,Philippines,PHL,2007,2.82449429424222
4668,Philippines,PHL,2008,2.82529983779762
4669,Philippines,PHL,2009,2.82629169184807
4670,Philippines,PHL,2010,2.82812984415171
4671,Philippines,PHL,2011,2.83183445424604
4672,Philippines,PHL,2012,2.83768673477603
4673,Philippines,PHL,2013,2.84443336177798
4674,Philippines,PHL,2014,2.85060085834917
4675,Philippines,PHL,2015,2.85446782852501
4676,Philippines,PHL,2016,2.85723802788951
4677,Philippines,PHL,2017,2.8612351503364297
4678,Philippines,PHL,2018,2.87162747423289
4679,Philippines,PHL,2019,2.89013110658983
4680,Poland,POL,1990,2.42627891366908
4681,Poland,POL,1991,2.43024160846185
4682,Poland,POL,1992,2.43425375351032
4683,Poland,POL,1993,2.43890320591484
4684,Poland,POL,1994,2.44317119321388
4685,Poland,POL,1995,2.4472639660625
4686,Poland,POL,1996,2.45269869847283
4687,Poland,POL,1997,2.46014601938675
4688,Poland,POL,1998,2.46792200249981
4689,Poland,POL,1999,2.47359543273331
4690,Poland,POL,2000,2.4760759966057
4691,Poland,POL,2001,2.45914864622849
4692,Poland,POL,2002,2.4189207002318502
4693,Poland,POL,2003,2.3700760182572003
4694,Poland,POL,2004,2.32741498326267
4695,Poland,POL,2005,2.30568088639776
4696,Poland,POL,2006,2.3010637216883403
4697,Poland,POL,2007,2.29883878487244
4698,Poland,POL,2008,2.29808560213077
4699,Poland,POL,2009,2.29795331801061
4700,Poland,POL,2010,2.29746023045297
4701,Poland,POL,2011,2.29662489335496
4702,Poland,POL,2012,2.29472109503981
4703,Poland,POL,2013,2.2932583484031497
4704,Poland,POL,2014,2.2925508193642496
4705,Poland,POL,2015,2.29184736678682
4706,Poland,POL,2016,2.29407564737434
4707,Poland,POL,2017,2.29978864568794
4708,Poland,POL,2018,2.35691650471465
4709,Poland,POL,2019,2.47612032035306
4710,Portugal,PRT,1990,5.34488828821571
4711,Portugal,PRT,1991,5.30538388107648
4712,Portugal,PRT,1992,5.280121953546
4713,Portugal,PRT,1993,5.26151917508533
4714,Portugal,PRT,1994,5.24988735089445
4715,Portugal,PRT,1995,5.24285258991992
4716,Portugal,PRT,1996,5.29742937524071
4717,Portugal,PRT,1997,5.442905154293539
4718,Portugal,PRT,1998,5.61394017427559
4719,Portugal,PRT,1999,5.75446287167071
4720,Portugal,PRT,2000,5.81482857873239
4721,Portugal,PRT,2001,5.7662229702944
4722,Portugal,PRT,2002,5.6484002586520194
4723,Portugal,PRT,2003,5.50790222398338
4724,Portugal,PRT,2004,5.3832832329054
4725,Portugal,PRT,2005,5.32427022405457
4726,Portugal,PRT,2006,5.31672871677102
4727,Portugal,PRT,2007,5.31323427396694
4728,Portugal,PRT,2008,5.31151851311859
4729,Portugal,PRT,2009,5.30957812792169
4730,Portugal,PRT,2010,5.29785639314966
4731,Portugal,PRT,2011,5.22793532173296
4732,Portugal,PRT,2012,5.08672299662141
4733,Portugal,PRT,2013,4.91998451108526
4734,Portugal,PRT,2014,4.7789323136877
4735,Portugal,PRT,2015,4.71336543263609
4736,Portugal,PRT,2016,4.75604576852885
4737,Portugal,PRT,2017,4.80887125684901
4738,Portugal,PRT,2018,4.81414840769028
4739,Portugal,PRT,2019,4.81225324783955
4740,Puerto Rico,PRI,1990,3.12384143596924
4741,Puerto Rico,PRI,1991,3.11877737637157
4742,Puerto Rico,PRI,1992,3.11292372216843
4743,Puerto Rico,PRI,1993,3.10933296174273
4744,Puerto Rico,PRI,1994,3.10562993137227
4745,Puerto Rico,PRI,1995,3.1018661441514
4746,Puerto Rico,PRI,1996,3.09668153061039
4747,Puerto Rico,PRI,1997,3.08945272638736
4748,Puerto Rico,PRI,1998,3.0794987957054603
4749,Puerto Rico,PRI,1999,3.0698790731756302
4750,Puerto Rico,PRI,2000,3.06411686677317
4751,Puerto Rico,PRI,2001,3.0616379397831803
4752,Puerto Rico,PRI,2002,3.05920329774531
4753,Puerto Rico,PRI,2003,3.05294844032097
4754,Puerto Rico,PRI,2004,3.04721619414921
4755,Puerto Rico,PRI,2005,3.04028228920677
4756,Puerto Rico,PRI,2006,3.02368463044695
4757,Puerto Rico,PRI,2007,2.99228015785978
4758,Puerto Rico,PRI,2008,2.95938419911805
4759,Puerto Rico,PRI,2009,2.93338563256257
4760,Puerto Rico,PRI,2010,2.92154421813639
4761,Puerto Rico,PRI,2011,2.92631544246088
4762,Puerto Rico,PRI,2012,2.93810859309614
4763,Puerto Rico,PRI,2013,2.95383462917085
4764,Puerto Rico,PRI,2014,2.96982565019866
4765,Puerto Rico,PRI,2015,2.97715480192401
4766,Puerto Rico,PRI,2016,2.9815788561798
4767,Puerto Rico,PRI,2017,2.9878631536023303
4768,Puerto Rico,PRI,2018,3.00836533732734
4769,Puerto Rico,PRI,2019,3.04375712628962
4770,Qatar,QAT,1990,4.42567007134292
4771,Qatar,QAT,1991,4.42876503911613
4772,Qatar,QAT,1992,4.43214744647983
4773,Qatar,QAT,1993,4.43696468993064
4774,Qatar,QAT,1994,4.442521835624659
4775,Qatar,QAT,1995,4.44985235218468
4776,Qatar,QAT,1996,4.45926679896686
4777,Qatar,QAT,1997,4.475461947224621
4778,Qatar,QAT,1998,4.49176294693708
4779,Qatar,QAT,1999,4.50247901101857
4780,Qatar,QAT,2000,4.50769781205137
4781,Qatar,QAT,2001,4.5007286808531095
4782,Qatar,QAT,2002,4.482004415880439
4783,Qatar,QAT,2003,4.4583676989114895
4784,Qatar,QAT,2004,4.42426193654611
4785,Qatar,QAT,2005,4.39178964827132
4786,Qatar,QAT,2006,4.3544019751139
4787,Qatar,QAT,2007,4.30788780726398
4788,Qatar,QAT,2008,4.25906114913163
4789,Qatar,QAT,2009,4.21835140092219
4790,Qatar,QAT,2010,4.19335294163771
4791,Qatar,QAT,2011,4.17873676410526
4792,Qatar,QAT,2012,4.16969879558498
4793,Qatar,QAT,2013,4.16024910036551
4794,Qatar,QAT,2014,4.15545525634708
4795,Qatar,QAT,2015,4.15327150322961
4796,Qatar,QAT,2016,4.1478381301352
4797,Qatar,QAT,2017,4.145134294392229
4798,Qatar,QAT,2018,4.16536581445784
4799,Qatar,QAT,2019,4.211338723357249
4800,Region of the Americas (WHO),,1990,3.65980872772092
4801,Region of the Americas (WHO),,1991,3.7063905076713
4802,Region of the Americas (WHO),,1992,3.7523019687499297
4803,Region of the Americas (WHO),,1993,3.7957527177982
4804,Region of the Americas (WHO),,1994,3.83589005105372
4805,Region of the Americas (WHO),,1995,3.87021806641491
4806,Region of the Americas (WHO),,1996,3.90640183872044
4807,Region of the Americas (WHO),,1997,3.94730230004035
4808,Region of the Americas (WHO),,1998,3.98791387593976
4809,Region of the Americas (WHO),,1999,4.02188921323242
4810,Region of the Americas (WHO),,2000,4.041339218373699
4811,Region of the Americas (WHO),,2001,4.04982417073894
4812,Region of the Americas (WHO),,2002,4.05443690360587
4813,Region of the Americas (WHO),,2003,4.05630749324375
4814,Region of the Americas (WHO),,2004,4.05705271824114
4815,Region of the Americas (WHO),,2005,4.05688396011529
4816,Region of the Americas (WHO),,2006,4.04334368818507
4817,Region of the Americas (WHO),,2007,4.010305092274679
4818,Region of the Americas (WHO),,2008,3.96915279856798
4819,Region of the Americas (WHO),,2009,3.93211535703553
4820,Region of the Americas (WHO),,2010,3.91071155637742
4821,Region of the Americas (WHO),,2011,3.8993784677087904
4822,Region of the Americas (WHO),,2012,3.8848762891602897
4823,Region of the Americas (WHO),,2013,3.86970716821886
4824,Region of the Americas (WHO),,2014,3.85604715235024
4825,Region of the Americas (WHO),,2015,3.84551496066231
4826,Region of the Americas (WHO),,2016,3.83881018850821
4827,Region of the Americas (WHO),,2017,3.83587869335573
4828,Region of the Americas (WHO),,2018,3.83555668703258
4829,Region of the Americas (WHO),,2019,3.83686720333255
4830,Romania,ROU,1990,2.84450235885066
4831,Romania,ROU,1991,2.8357614648223497
4832,Romania,ROU,1992,2.82976536086318
4833,Romania,ROU,1993,2.82416292299865
4834,Romania,ROU,1994,2.8211693925271
4835,Romania,ROU,1995,2.81968738049924
4836,Romania,ROU,1996,2.82334936002175
4837,Romania,ROU,1997,2.83165415833391
4838,Romania,ROU,1998,2.8414079159621
4839,Romania,ROU,1999,2.84923616326665
4840,Romania,ROU,2000,2.8534664439442503
4841,Romania,ROU,2001,2.8540646006805703
4842,Romania,ROU,2002,2.8548620686330897
4843,Romania,ROU,2003,2.85393645079199
4844,Romania,ROU,2004,2.8528815583644
4845,Romania,ROU,2005,2.85076199473501
4846,Romania,ROU,2006,2.84655409840459
4847,Romania,ROU,2007,2.84076924125049
4848,Romania,ROU,2008,2.83238913795906
4849,Romania,ROU,2009,2.82964518751741
4850,Romania,ROU,2010,2.8246060625138703
4851,Romania,ROU,2011,2.82511250672871
4852,Romania,ROU,2012,2.82505943649974
4853,Romania,ROU,2013,2.82532732898864
4854,Romania,ROU,2014,2.82626541563226
4855,Romania,ROU,2015,2.8267650106945803
4856,Romania,ROU,2016,2.82986301824084
4857,Romania,ROU,2017,2.8331982233562902
4858,Romania,ROU,2018,2.83350021263214
4859,Romania,ROU,2019,2.83359898418777
4860,Russia,RUS,1990,3.44413512689559
4861,Russia,RUS,1991,3.46137309617605
4862,Russia,RUS,1992,3.4754228002896097
4863,Russia,RUS,1993,3.4874370552328102
4864,Russia,RUS,1994,3.497207662344369
4865,Russia,RUS,1995,3.50493757257684
4866,Russia,RUS,1996,3.5095880422064303
4867,Russia,RUS,1997,3.51059082523969
4868,Russia,RUS,1998,3.5089628050690296
4869,Russia,RUS,1999,3.5047595741551896
4870,Russia,RUS,2000,3.49910889330358
4871,Russia,RUS,2001,3.4866418450653103
4872,Russia,RUS,2002,3.46572532623674
4873,Russia,RUS,2003,3.44046285534177
4874,Russia,RUS,2004,3.41504787475959
4875,Russia,RUS,2005,3.39359575164683
4876,Russia,RUS,2006,3.3703607806122102
4877,Russia,RUS,2007,3.3404611615306905
4878,Russia,RUS,2008,3.3104144591563203
4879,Russia,RUS,2009,3.28605963725462
4880,Russia,RUS,2010,3.2730556521955405
4881,Russia,RUS,2011,3.2789162035957804
4882,Russia,RUS,2012,3.29968226904149
4883,Russia,RUS,2013,3.326676022833229
4884,Russia,RUS,2014,3.3497316493342297
4885,Russia,RUS,2015,3.35959730251633
4886,Russia,RUS,2016,3.35953496479676
4887,Russia,RUS,2017,3.35731742439763
4888,Russia,RUS,2018,3.3458276808463703
4889,Russia,RUS,2019,3.3217931124932902
4890,Rwanda,RWA,1990,5.82829792926168
4891,Rwanda,RWA,1991,5.86019571955367
4892,Rwanda,RWA,1992,5.881110730836
4893,Rwanda,RWA,1993,5.89310032505702
4894,Rwanda,RWA,1994,5.931194535545941
4895,Rwanda,RWA,1995,5.9578016644368095
4896,Rwanda,RWA,1996,5.94002820483338
4897,Rwanda,RWA,1997,5.9104872132706205
4898,Rwanda,RWA,1998,5.87607203672788
4899,Rwanda,RWA,1999,5.83707780534882
4900,Rwanda,RWA,2000,5.79733929910636
4901,Rwanda,RWA,2001,5.7550140241028505
4902,Rwanda,RWA,2002,5.70297571776705
4903,Rwanda,RWA,2003,5.6482512838977
4904,Rwanda,RWA,2004,5.59006627242524
4905,Rwanda,RWA,2005,5.53438714490678
4906,Rwanda,RWA,2006,5.46854829161202
4907,Rwanda,RWA,2007,5.38411989796257
4908,Rwanda,RWA,2008,5.30055672529761
4909,Rwanda,RWA,2009,5.23338568089664
4910,Rwanda,RWA,2010,5.200219079391459
4911,Rwanda,RWA,2011,5.19182093041379
4912,Rwanda,RWA,2012,5.1834496906623
4913,Rwanda,RWA,2013,5.183479184390509
4914,Rwanda,RWA,2014,5.18375404834404
4915,Rwanda,RWA,2015,5.18773141099903
4916,Rwanda,RWA,2016,5.20011952393307
4917,Rwanda,RWA,2017,5.21523379595919
4918,Rwanda,RWA,2018,5.22971642907148
4919,Rwanda,RWA,2019,5.25427613408294
4920,Saint Kitts and Nevis,KNA,1990,4.14192576462541
4921,Saint Kitts and Nevis,KNA,1991,4.13386716286898
4922,Saint Kitts and Nevis,KNA,1992,4.12992798953385
4923,Saint Kitts and Nevis,KNA,1993,4.12573321079351
4924,Saint Kitts and Nevis,KNA,1994,4.1218856654994
4925,Saint Kitts and Nevis,KNA,1995,4.12046279179544
4926,Saint Kitts and Nevis,KNA,1996,4.12513882819104
4927,Saint Kitts and Nevis,KNA,1997,4.13534723709041
4928,Saint Kitts and Nevis,KNA,1998,4.14737791655533
4929,Saint Kitts and Nevis,KNA,1999,4.15694947264523
4930,Saint Kitts and Nevis,KNA,2000,4.1596223993628
4931,Saint Kitts and Nevis,KNA,2001,4.15951466844705
4932,Saint Kitts and Nevis,KNA,2002,4.16242622294679
4933,Saint Kitts and Nevis,KNA,2003,4.16024829846082
4934,Saint Kitts and Nevis,KNA,2004,4.16026332715971
4935,Saint Kitts and Nevis,KNA,2005,4.15703293579989
4936,Saint Kitts and Nevis,KNA,2006,4.150505104107951
4937,Saint Kitts and Nevis,KNA,2007,4.14074431412962
4938,Saint Kitts and Nevis,KNA,2008,4.13044174548234
4939,Saint Kitts and Nevis,KNA,2009,4.12259716408564
4940,Saint Kitts and Nevis,KNA,2010,4.11768283011185
4941,Saint Kitts and Nevis,KNA,2011,4.11958129769771
4942,Saint Kitts and Nevis,KNA,2012,4.12019479685876
4943,Saint Kitts and Nevis,KNA,2013,4.12440524186012
4944,Saint Kitts and Nevis,KNA,2014,4.12662038749698
4945,Saint Kitts and Nevis,KNA,2015,4.12848329179942
4946,Saint Kitts and Nevis,KNA,2016,4.13133023010452
4947,Saint Kitts and Nevis,KNA,2017,4.13455100201148
4948,Saint Kitts and Nevis,KNA,2018,4.1395966156247095
4949,Saint Kitts and Nevis,KNA,2019,4.14821152271554
4950,Saint Lucia,LCA,1990,3.40137164772273
4951,Saint Lucia,LCA,1991,3.38323949216901
4952,Saint Lucia,LCA,1992,3.3673504316151903
4953,Saint Lucia,LCA,1993,3.35305104844459
4954,Saint Lucia,LCA,1994,3.34586649968184
4955,Saint Lucia,LCA,1995,3.3443593579636097
4956,Saint Lucia,LCA,1996,3.3468663169555803
4957,Saint Lucia,LCA,1997,3.35310426658333
4958,Saint Lucia,LCA,1998,3.36054458144582
4959,Saint Lucia,LCA,1999,3.3687328196792503
4960,Saint Lucia,LCA,2000,3.37310049920879
4961,Saint Lucia,LCA,2001,3.37609245948238
4962,Saint Lucia,LCA,2002,3.38016059903108
4963,Saint Lucia,LCA,2003,3.38171039667722
4964,Saint Lucia,LCA,2004,3.38337521518501
4965,Saint Lucia,LCA,2005,3.38331311640689
4966,Saint Lucia,LCA,2006,3.3773161874929096
4967,Saint Lucia,LCA,2007,3.36842296081172
4968,Saint Lucia,LCA,2008,3.3573967908879
4969,Saint Lucia,LCA,2009,3.3508277911090603
4970,Saint Lucia,LCA,2010,3.34788542985217
4971,Saint Lucia,LCA,2011,3.35360860934453
4972,Saint Lucia,LCA,2012,3.36451865051388
4973,Saint Lucia,LCA,2013,3.37866072458368
4974,Saint Lucia,LCA,2014,3.39147304013262
4975,Saint Lucia,LCA,2015,3.39872851295245
4976,Saint Lucia,LCA,2016,3.39961691079758
4977,Saint Lucia,LCA,2017,3.40121731674217
4978,Saint Lucia,LCA,2018,3.42501049711469
4979,Saint Lucia,LCA,2019,3.47284208517022
4980,Saint Vincent and the Grenadines,VCT,1990,3.35032894500353
4981,Saint Vincent and the Grenadines,VCT,1991,3.3223837037546
4982,Saint Vincent and the Grenadines,VCT,1992,3.3009171711552896
4983,Saint Vincent and the Grenadines,VCT,1993,3.2842199632795097
4984,Saint Vincent and the Grenadines,VCT,1994,3.2757758952866296
4985,Saint Vincent and the Grenadines,VCT,1995,3.27293913080816
4986,Saint Vincent and the Grenadines,VCT,1996,3.28137934701093
4987,Saint Vincent and the Grenadines,VCT,1997,3.3001806867975603
4988,Saint Vincent and the Grenadines,VCT,1998,3.32316032586537
4989,Saint Vincent and the Grenadines,VCT,1999,3.3445183314804496
4990,Saint Vincent and the Grenadines,VCT,2000,3.35844478763598
4991,Saint Vincent and the Grenadines,VCT,2001,3.36959591532559
4992,Saint Vincent and the Grenadines,VCT,2002,3.38152133803095
4993,Saint Vincent and the Grenadines,VCT,2003,3.39405503081741
4994,Saint Vincent and the Grenadines,VCT,2004,3.4050543071143
4995,Saint Vincent and the Grenadines,VCT,2005,3.4083068925920097
4996,Saint Vincent and the Grenadines,VCT,2006,3.40763860298016
4997,Saint Vincent and the Grenadines,VCT,2007,3.4011772366569404
4998,Saint Vincent and the Grenadines,VCT,2008,3.39386297199053
4999,Saint Vincent and the Grenadines,VCT,2009,3.3864351409247604
5000,Saint Vincent and the Grenadines,VCT,2010,3.3855606095618005
5001,Saint Vincent and the Grenadines,VCT,2011,3.39248609988384
5002,Saint Vincent and the Grenadines,VCT,2012,3.4046630404696
5003,Saint Vincent and the Grenadines,VCT,2013,3.4236511329538697
5004,Saint Vincent and the Grenadines,VCT,2014,3.4373311502377
5005,Saint Vincent and the Grenadines,VCT,2015,3.4456983892254005
5006,Saint Vincent and the Grenadines,VCT,2016,3.44241519380714
5007,Saint Vincent and the Grenadines,VCT,2017,3.44032894239771
5008,Saint Vincent and the Grenadines,VCT,2018,3.46353845654507
5009,Saint Vincent and the Grenadines,VCT,2019,3.51163345764851
5010,Samoa,WSM,1990,3.09470314300714
5011,Samoa,WSM,1991,3.08973754481096
5012,Samoa,WSM,1992,3.0844785235874
5013,Samoa,WSM,1993,3.07858804015853
5014,Samoa,WSM,1994,3.07301371924142
5015,Samoa,WSM,1995,3.0658844172671897
5016,Samoa,WSM,1996,3.05751230553631
5017,Samoa,WSM,1997,3.0482226435692104
5018,Samoa,WSM,1998,3.03635838647232
5019,Samoa,WSM,1999,3.02655359875056
5020,Samoa,WSM,2000,3.01727227655509
5021,Samoa,WSM,2001,3.00858946061392
5022,Samoa,WSM,2002,3.00029897782764
5023,Samoa,WSM,2003,2.9912216635506703
5024,Samoa,WSM,2004,2.98276200847628
5025,Samoa,WSM,2005,2.97408513874402
5026,Samoa,WSM,2006,2.96226944241712
5027,Samoa,WSM,2007,2.94828482664703
5028,Samoa,WSM,2008,2.93307441526552
5029,Samoa,WSM,2009,2.92194532284482
5030,Samoa,WSM,2010,2.91444795302312
5031,Samoa,WSM,2011,2.91184667202817
5032,Samoa,WSM,2012,2.91050297087238
5033,Samoa,WSM,2013,2.90765194467995
5034,Samoa,WSM,2014,2.90576282513657
5035,Samoa,WSM,2015,2.90538149913359
5036,Samoa,WSM,2016,2.9015030063384
5037,Samoa,WSM,2017,2.90094122203072
5038,Samoa,WSM,2018,2.90819312962743
5039,Samoa,WSM,2019,2.92479245606588
5040,San Marino,SMR,1990,4.44063851287025
5041,San Marino,SMR,1991,4.444380640190619
5042,San Marino,SMR,1992,4.44611574456108
5043,San Marino,SMR,1993,4.45017880741147
5044,San Marino,SMR,1994,4.45375867328981
5045,San Marino,SMR,1995,4.45728021481705
5046,San Marino,SMR,1996,4.46052174368928
5047,San Marino,SMR,1997,4.46316191276913
5048,San Marino,SMR,1998,4.46561611019787
5049,San Marino,SMR,1999,4.46992317199189
5050,San Marino,SMR,2000,4.47283933717025
5051,San Marino,SMR,2001,4.474737685631871
5052,San Marino,SMR,2002,4.47648620663334
5053,San Marino,SMR,2003,4.478015910078359
5054,San Marino,SMR,2004,4.48172231610654
5055,San Marino,SMR,2005,4.48237407685384
5056,San Marino,SMR,2006,4.484888738926459
5057,San Marino,SMR,2007,4.48539136942132
5058,San Marino,SMR,2008,4.486245359457191
5059,San Marino,SMR,2009,4.48821837085749
5060,San Marino,SMR,2010,4.48950268862578
5061,San Marino,SMR,2011,4.49035439749389
5062,San Marino,SMR,2012,4.4925890950649
5063,San Marino,SMR,2013,4.492974831105441
5064,San Marino,SMR,2014,4.49157037507704
5065,San Marino,SMR,2015,4.49157277222471
5066,San Marino,SMR,2016,4.4949195322780096
5067,San Marino,SMR,2017,4.49517822227782
5068,San Marino,SMR,2018,4.49672697220437
5069,San Marino,SMR,2019,4.49820256093531
5070,Sao Tome and Principe,STP,1990,3.744683587892301
5071,Sao Tome and Principe,STP,1991,3.73129104772717
5072,Sao Tome and Principe,STP,1992,3.7183422362217904
5073,Sao Tome and Principe,STP,1993,3.7078436546918696
5074,Sao Tome and Principe,STP,1994,3.70267054026636
5075,Sao Tome and Principe,STP,1995,3.69959619865227
5076,Sao Tome and Principe,STP,1996,3.69768799188099
5077,Sao Tome and Principe,STP,1997,3.6999995854019896
5078,Sao Tome and Principe,STP,1998,3.70124071867265
5079,Sao Tome and Principe,STP,1999,3.70336757790454
5080,Sao Tome and Principe,STP,2000,3.70682432893292
5081,Sao Tome and Principe,STP,2001,3.71113328937794
5082,Sao Tome and Principe,STP,2002,3.72152180568248
5083,Sao Tome and Principe,STP,2003,3.7345972412223
5084,Sao Tome and Principe,STP,2004,3.7456902113481
5085,Sao Tome and Principe,STP,2005,3.75237782475552
5086,Sao Tome and Principe,STP,2006,3.7510824157909504
5087,Sao Tome and Principe,STP,2007,3.74411320086022
5088,Sao Tome and Principe,STP,2008,3.73612948750974
5089,Sao Tome and Principe,STP,2009,3.73049403322053
5090,Sao Tome and Principe,STP,2010,3.72715105664699
5091,Sao Tome and Principe,STP,2011,3.73091971546118
5092,Sao Tome and Principe,STP,2012,3.73807591685177
5093,Sao Tome and Principe,STP,2013,3.7464635538016897
5094,Sao Tome and Principe,STP,2014,3.75506582388102
5095,Sao Tome and Principe,STP,2015,3.76073824953628
5096,Sao Tome and Principe,STP,2016,3.76368414245059
5097,Sao Tome and Principe,STP,2017,3.7698348066301
5098,Sao Tome and Principe,STP,2018,3.79202049345103
5099,Sao Tome and Principe,STP,2019,3.83370914668013
5100,Saudi Arabia,SAU,1990,4.15295295328891
5101,Saudi Arabia,SAU,1991,4.14648638506967
5102,Saudi Arabia,SAU,1992,4.14075991847082
5103,Saudi Arabia,SAU,1993,4.138143656194051
5104,Saudi Arabia,SAU,1994,4.13953189008728
5105,Saudi Arabia,SAU,1995,4.14063427699357
5106,Saudi Arabia,SAU,1996,4.14576038543635
5107,Saudi Arabia,SAU,1997,4.153643487687591
5108,Saudi Arabia,SAU,1998,4.16227290164531
5109,Saudi Arabia,SAU,1999,4.17129438842897
5110,Saudi Arabia,SAU,2000,4.17964270006865
5111,Saudi Arabia,SAU,2001,4.19181119056445
5112,Saudi Arabia,SAU,2002,4.205495482856509
5113,Saudi Arabia,SAU,2003,4.22197405099379
5114,Saudi Arabia,SAU,2004,4.23923491250967
5115,Saudi Arabia,SAU,2005,4.2504524438179
5116,Saudi Arabia,SAU,2006,4.26618670885153
5117,Saudi Arabia,SAU,2007,4.28783236072986
5118,Saudi Arabia,SAU,2008,4.31302774463611
5119,Saudi Arabia,SAU,2009,4.33185944659067
5120,Saudi Arabia,SAU,2010,4.34597347264137
5121,Saudi Arabia,SAU,2011,4.35708671465898
5122,Saudi Arabia,SAU,2012,4.372893774484949
5123,Saudi Arabia,SAU,2013,4.38504762248033
5124,Saudi Arabia,SAU,2014,4.39557112865511
5125,Saudi Arabia,SAU,2015,4.40068741196616
5126,Saudi Arabia,SAU,2016,4.38355956898421
5127,Saudi Arabia,SAU,2017,4.36771289953327
5128,Saudi Arabia,SAU,2018,4.38184313264239
5129,Saudi Arabia,SAU,2019,4.41771703943906
5130,Scotland,,1990,4.66641599580478
5131,Scotland,,1991,4.58000110313832
5132,Scotland,,1992,4.50133646185835
5133,Scotland,,1993,4.43592160135786
5134,Scotland,,1994,4.38923321599729
5135,Scotland,,1995,4.36545880236759
5136,Scotland,,1996,4.36021789695328
5137,Scotland,,1997,4.35864185993933
5138,Scotland,,1998,4.35794103065557
5139,Scotland,,1999,4.356220999377889
5140,Scotland,,2000,4.34693932849454
5141,Scotland,,2001,4.3189220019426005
5142,Scotland,,2002,4.26490543486538
5143,Scotland,,2003,4.2032419414080096
5144,Scotland,,2004,4.15036856961732
5145,Scotland,,2005,4.12169065115969
5146,Scotland,,2006,4.12165839182083
5147,Scotland,,2007,4.14192094113978
5148,Scotland,,2008,4.17130802770204
5149,Scotland,,2009,4.20262811384194
5150,Scotland,,2010,4.22605050088389
5151,Scotland,,2011,4.24421030032133
5152,Scotland,,2012,4.263126976113
5153,Scotland,,2013,4.27577235537844
5154,Scotland,,2014,4.2854757156186
5155,Scotland,,2015,4.28869539708206
5156,Scotland,,2016,4.284904261123399
5157,Scotland,,2017,4.27964744697652
5158,Scotland,,2018,4.27432576734557
5159,Scotland,,2019,4.26664283165586
5160,Senegal,SEN,1990,4.03793776359343
5161,Senegal,SEN,1991,4.033811293364311
5162,Senegal,SEN,1992,4.03014295261145
5163,Senegal,SEN,1993,4.02472802437432
5164,Senegal,SEN,1994,4.02310433897621
5165,Senegal,SEN,1995,4.01991242181016
5166,Senegal,SEN,1996,4.01623683028711
5167,Senegal,SEN,1997,4.00787965053691
5168,Senegal,SEN,1998,3.99837388258752
5169,Senegal,SEN,1999,3.98961097672013
5170,Senegal,SEN,2000,3.98787726631377
5171,Senegal,SEN,2001,3.98970353590705
5172,Senegal,SEN,2002,3.99208038491361
5173,Senegal,SEN,2003,3.99583290034869
5174,Senegal,SEN,2004,3.9963222985402
5175,Senegal,SEN,2005,3.99777492815368
5176,Senegal,SEN,2006,3.9964130883428095
5177,Senegal,SEN,2007,3.99172212451767
5178,Senegal,SEN,2008,3.98584436180626
5179,Senegal,SEN,2009,3.98289595094334
5180,Senegal,SEN,2010,3.98108065164681
5181,Senegal,SEN,2011,3.99003079176783
5182,Senegal,SEN,2012,4.00875756894646
5183,Senegal,SEN,2013,4.02901475780775
5184,Senegal,SEN,2014,4.04572946079813
5185,Senegal,SEN,2015,4.05332453637728
5186,Senegal,SEN,2016,4.05388992164889
5187,Senegal,SEN,2017,4.05321017456544
5188,Senegal,SEN,2018,4.07090252823276
5189,Senegal,SEN,2019,4.1031807387532
5190,Serbia,SRB,1990,3.2737361412220403
5191,Serbia,SRB,1991,3.26601455298678
5192,Serbia,SRB,1992,3.2602536920646603
5193,Serbia,SRB,1993,3.2525035129809803
5194,Serbia,SRB,1994,3.24642698379408
5195,Serbia,SRB,1995,3.2410518908346897
5196,Serbia,SRB,1996,3.23516285564284
5197,Serbia,SRB,1997,3.22743855793505
5198,Serbia,SRB,1998,3.2210028854736
5199,Serbia,SRB,1999,3.2084637580855
5200,Serbia,SRB,2000,3.1932645625766303
5201,Serbia,SRB,2001,3.17689290119586
5202,Serbia,SRB,2002,3.1523061035799405
5203,Serbia,SRB,2003,3.12283531674517
5204,Serbia,SRB,2004,3.09705095029397
5205,Serbia,SRB,2005,3.0773076799033903
5206,Serbia,SRB,2006,3.0615899034013903
5207,Serbia,SRB,2007,3.04417590551856
5208,Serbia,SRB,2008,3.02707580791012
5209,Serbia,SRB,2009,3.01255189591285
5210,Serbia,SRB,2010,3.00293384034856
5211,Serbia,SRB,2011,2.99805051138663
5212,Serbia,SRB,2012,2.9945427208552
5213,Serbia,SRB,2013,2.99493887256597
5214,Serbia,SRB,2014,2.9948836577780003
5215,Serbia,SRB,2015,2.99436915574176
5216,Serbia,SRB,2016,3.00606178178052
5217,Serbia,SRB,2017,3.02008677354842
5218,Serbia,SRB,2018,3.01917645888428
5219,Serbia,SRB,2019,3.01555776679195
5220,Seychelles,SYC,1990,2.92132954386721
5221,Seychelles,SYC,1991,2.91358555408087
5222,Seychelles,SYC,1992,2.90537581776858
5223,Seychelles,SYC,1993,2.89808932780319
5224,Seychelles,SYC,1994,2.8912463936495403
5225,Seychelles,SYC,1995,2.88309325892105
5226,Seychelles,SYC,1996,2.87773103063432
5227,Seychelles,SYC,1997,2.86842506101702
5228,Seychelles,SYC,1998,2.8594318390088898
5229,Seychelles,SYC,1999,2.85089542557376
5230,Seychelles,SYC,2000,2.84354695894338
5231,Seychelles,SYC,2001,2.8378189052358698
5232,Seychelles,SYC,2002,2.83166198598822
5233,Seychelles,SYC,2003,2.8264715506293703
5234,Seychelles,SYC,2004,2.8181284932991604
5235,Seychelles,SYC,2005,2.81244409933071
5236,Seychelles,SYC,2006,2.80264829470286
5237,Seychelles,SYC,2007,2.78793306527764
5238,Seychelles,SYC,2008,2.77368619889643
5239,Seychelles,SYC,2009,2.76159052518475
5240,Seychelles,SYC,2010,2.75509538151779
5241,Seychelles,SYC,2011,2.75517676334675
5242,Seychelles,SYC,2012,2.75681492707265
5243,Seychelles,SYC,2013,2.76003450513489
5244,Seychelles,SYC,2014,2.76411934690885
5245,Seychelles,SYC,2015,2.76535890185059
5246,Seychelles,SYC,2016,2.76361127429212
5247,Seychelles,SYC,2017,2.76364792915936
5248,Seychelles,SYC,2018,2.77273460324488
5249,Seychelles,SYC,2019,2.79082181313171
5250,Sierra Leone,SLE,1990,4.19656140829722
5251,Sierra Leone,SLE,1991,4.20635713586048
5252,Sierra Leone,SLE,1992,4.21624299015234
5253,Sierra Leone,SLE,1993,4.22477901240202
5254,Sierra Leone,SLE,1994,4.23773959045947
5255,Sierra Leone,SLE,1995,4.24781320082293
5256,Sierra Leone,SLE,1996,4.26734836436885
5257,Sierra Leone,SLE,1997,4.29813158875794
5258,Sierra Leone,SLE,1998,4.33026134742166
5259,Sierra Leone,SLE,1999,4.35746988718561
5260,Sierra Leone,SLE,2000,4.37743791285545
5261,Sierra Leone,SLE,2001,4.39289043061665
5262,Sierra Leone,SLE,2002,4.40981546077191
5263,Sierra Leone,SLE,2003,4.42602209984843
5264,Sierra Leone,SLE,2004,4.44002888565387
5265,Sierra Leone,SLE,2005,4.44881648736669
5266,Sierra Leone,SLE,2006,4.45333511133958
5267,Sierra Leone,SLE,2007,4.456658372710351
5268,Sierra Leone,SLE,2008,4.45938396328315
5269,Sierra Leone,SLE,2009,4.46088756502527
5270,Sierra Leone,SLE,2010,4.46225922888144
5271,Sierra Leone,SLE,2011,4.46098256952624
5272,Sierra Leone,SLE,2012,4.46044742744482
5273,Sierra Leone,SLE,2013,4.46108583386465
5274,Sierra Leone,SLE,2014,4.4601316981517005
5275,Sierra Leone,SLE,2015,4.45818045319498
5276,Sierra Leone,SLE,2016,4.45852893530079
5277,Sierra Leone,SLE,2017,4.46001267490052
5278,Sierra Leone,SLE,2018,4.460633297823071
5279,Sierra Leone,SLE,2019,4.45562465268155
5280,Slovakia,SVK,1990,3.1085017827149697
5281,Slovakia,SVK,1991,3.10956732930746
5282,Slovakia,SVK,1992,3.10711227831752
5283,Slovakia,SVK,1993,3.10587508242019
5284,Slovakia,SVK,1994,3.10287177594883
5285,Slovakia,SVK,1995,3.10111870137762
5286,Slovakia,SVK,1996,3.09822373263487
5287,Slovakia,SVK,1997,3.09299246638985
5288,Slovakia,SVK,1998,3.08738113961179
5289,Slovakia,SVK,1999,3.0795274173071303
5290,Slovakia,SVK,2000,3.07023343575035
5291,Slovakia,SVK,2001,3.06160858623776
5292,Slovakia,SVK,2002,3.05364345591785
5293,Slovakia,SVK,2003,3.04287047764429
5294,Slovakia,SVK,2004,3.03119735675461
5295,Slovakia,SVK,2005,3.01955266505723
5296,Slovakia,SVK,2006,3.0053454401453
5297,Slovakia,SVK,2007,2.9886470580894
5298,Slovakia,SVK,2008,2.97120690194398
5299,Slovakia,SVK,2009,2.95542611574894
5300,Slovakia,SVK,2010,2.94115537444193
5301,Slovakia,SVK,2011,2.93148460217825
5302,Slovakia,SVK,2012,2.92032646474263
5303,Slovakia,SVK,2013,2.91166645172408
5304,Slovakia,SVK,2014,2.90546520218436
5305,Slovakia,SVK,2015,2.89962270010607
5306,Slovakia,SVK,2016,2.89725505866235
5307,Slovakia,SVK,2017,2.89670305478238
5308,Slovakia,SVK,2018,2.8964040542506
5309,Slovakia,SVK,2019,2.8977200823665403
5310,Slovenia,SVN,1990,4.02054256768717
5311,Slovenia,SVN,1991,4.02656611737817
5312,Slovenia,SVN,1992,4.02739582411557
5313,Slovenia,SVN,1993,4.02421340467397
5314,Slovenia,SVN,1994,4.01884139471358
5315,Slovenia,SVN,1995,4.01401730409598
5316,Slovenia,SVN,1996,4.000021637508841
5317,Slovenia,SVN,1997,3.97533702127452
5318,Slovenia,SVN,1998,3.93988102783628
5319,Slovenia,SVN,1999,3.90430120521647
5320,Slovenia,SVN,2000,3.87368271616877
5321,Slovenia,SVN,2001,3.8460586068456695
5322,Slovenia,SVN,2002,3.81784061455503
5323,Slovenia,SVN,2003,3.7881241715618095
5324,Slovenia,SVN,2004,3.7546899786502
5325,Slovenia,SVN,2005,3.72180416877051
5326,Slovenia,SVN,2006,3.6790410470072095
5327,Slovenia,SVN,2007,3.62556858666635
5328,Slovenia,SVN,2008,3.56872463392536
5329,Slovenia,SVN,2009,3.5180503575401
5330,Slovenia,SVN,2010,3.48141437523646
5331,Slovenia,SVN,2011,3.45291863567117
5332,Slovenia,SVN,2012,3.42536822887458
5333,Slovenia,SVN,2013,3.4017445989052595
5334,Slovenia,SVN,2014,3.38514217090566
5335,Slovenia,SVN,2015,3.37544717109954
5336,Slovenia,SVN,2016,3.38235496234009
5337,Slovenia,SVN,2017,3.3906863764066903
5338,Slovenia,SVN,2018,3.38288751766277
5339,Slovenia,SVN,2019,3.36563946427044
5340,Solomon Islands,SLB,1990,3.13903269011319
5341,Solomon Islands,SLB,1991,3.13884681072683
5342,Solomon Islands,SLB,1992,3.1397460202850502
5343,Solomon Islands,SLB,1993,3.13961753272424
5344,Solomon Islands,SLB,1994,3.1384238640005897
5345,Solomon Islands,SLB,1995,3.1372591599478703
5346,Solomon Islands,SLB,1996,3.13621365170614
5347,Solomon Islands,SLB,1997,3.1328625430958104
5348,Solomon Islands,SLB,1998,3.1283255440294697
5349,Solomon Islands,SLB,1999,3.12332018966387
5350,Solomon Islands,SLB,2000,3.11924500725716
5351,Solomon Islands,SLB,2001,3.11497198637776
5352,Solomon Islands,SLB,2002,3.10884255558106
5353,Solomon Islands,SLB,2003,3.10180842997337
5354,Solomon Islands,SLB,2004,3.09578853453568
5355,Solomon Islands,SLB,2005,3.09190296554116
5356,Solomon Islands,SLB,2006,3.08869631716297
5357,Solomon Islands,SLB,2007,3.08331349757263
5358,Solomon Islands,SLB,2008,3.07941870620058
5359,Solomon Islands,SLB,2009,3.07495284894484
5360,Solomon Islands,SLB,2010,3.07300127051678
5361,Solomon Islands,SLB,2011,3.07311565622653
5362,Solomon Islands,SLB,2012,3.0748601089435
5363,Solomon Islands,SLB,2013,3.07665227062688
5364,Solomon Islands,SLB,2014,3.07794440781485
5365,Solomon Islands,SLB,2015,3.07959301469628
5366,Solomon Islands,SLB,2016,3.0780653872548003
5367,Solomon Islands,SLB,2017,3.07570585821438
5368,Solomon Islands,SLB,2018,3.07940856576027
5369,Solomon Islands,SLB,2019,3.08693863045158
5370,Somalia,SOM,1990,4.923035474981
5371,Somalia,SOM,1991,4.92888939994122
5372,Somalia,SOM,1992,4.92883903982724
5373,Somalia,SOM,1993,4.92966650689953
5374,Somalia,SOM,1994,4.92929181396917
5375,Somalia,SOM,1995,4.9311930135818605
5376,Somalia,SOM,1996,4.93507548931392
5377,Somalia,SOM,1997,4.933379589007441
5378,Somalia,SOM,1998,4.93435745155179
5379,Somalia,SOM,1999,4.936241621576929
5380,Somalia,SOM,2000,4.9356803507325
5381,Somalia,SOM,2001,4.93712121931077
5382,Somalia,SOM,2002,4.9369300491817
5383,Somalia,SOM,2003,4.93823723108918
5384,Somalia,SOM,2004,4.93966301990971
5385,Somalia,SOM,2005,4.93881479612912
5386,Somalia,SOM,2006,4.93524560647212
5387,Somalia,SOM,2007,4.9233677309925294
5388,Somalia,SOM,2008,4.90917113714651
5389,Somalia,SOM,2009,4.90034193819196
5390,Somalia,SOM,2010,4.89660679282781
5391,Somalia,SOM,2011,4.90321174500317
5392,Somalia,SOM,2012,4.9085231369347
5393,Somalia,SOM,2013,4.91785606425847
5394,Somalia,SOM,2014,4.92395858300185
5395,Somalia,SOM,2015,4.92696753578576
5396,Somalia,SOM,2016,4.931849058385939
5397,Somalia,SOM,2017,4.93536920794474
5398,Somalia,SOM,2018,4.93540630437188
5399,Somalia,SOM,2019,4.9375545628747295
5400,South Africa,ZAF,1990,4.361045546414069
5401,South Africa,ZAF,1991,4.31604678219749
5402,South Africa,ZAF,1992,4.274406207040061
5403,South Africa,ZAF,1993,4.23895294536869
5404,South Africa,ZAF,1994,4.21201959862891
5405,South Africa,ZAF,1995,4.19698226396777
5406,South Africa,ZAF,1996,4.18860592255752
5407,South Africa,ZAF,1997,4.18221207179566
5408,South Africa,ZAF,1998,4.176596993217481
5409,South Africa,ZAF,1999,4.17153986304238
5410,South Africa,ZAF,2000,4.16580255842194
5411,South Africa,ZAF,2001,4.15464481894109
5412,South Africa,ZAF,2002,4.13549892629488
5413,South Africa,ZAF,2003,4.1153435800528095
5414,South Africa,ZAF,2004,4.101173146156349
5415,South Africa,ZAF,2005,4.1000139767410895
5416,South Africa,ZAF,2006,4.11571685396948
5417,South Africa,ZAF,2007,4.14547461129184
5418,South Africa,ZAF,2008,4.17955372832765
5419,South Africa,ZAF,2009,4.21485776041196
5420,South Africa,ZAF,2010,4.24175492956664
5421,South Africa,ZAF,2011,4.26575753037209
5422,South Africa,ZAF,2012,4.29461690648261
5423,South Africa,ZAF,2013,4.3252032915923095
5424,South Africa,ZAF,2014,4.3543147278268695
5425,South Africa,ZAF,2015,4.38057051374416
5426,South Africa,ZAF,2016,4.44737032721519
5427,South Africa,ZAF,2017,4.50176941416662
5428,South Africa,ZAF,2018,4.49166723275972
5429,South Africa,ZAF,2019,4.45482170911656
5430,South Asia (WB),,1990,4.12931936230109
5431,South Asia (WB),,1991,4.23982133307122
5432,South Asia (WB),,1992,4.3365635578604405
5433,South Asia (WB),,1993,4.41324869800643
5434,South Asia (WB),,1994,4.4643143104977705
5435,South Asia (WB),,1995,4.48377496740456
5436,South Asia (WB),,1996,4.47742373344269
5437,South Asia (WB),,1997,4.45871196625571
5438,South Asia (WB),,1998,4.43602592601277
5439,South Asia (WB),,1999,4.41685982040445
5440,South Asia (WB),,2000,4.41015215671184
5441,South Asia (WB),,2001,4.4250106391712
5442,South Asia (WB),,2002,4.4559077707066495
5443,South Asia (WB),,2003,4.49163110678192
5444,South Asia (WB),,2004,4.52062237176342
5445,South Asia (WB),,2005,4.53112312922436
5446,South Asia (WB),,2006,4.46873351971563
5447,South Asia (WB),,2007,4.324148035582151
5448,South Asia (WB),,2008,4.15041603755223
5449,South Asia (WB),,2009,4.0031767217281
5450,South Asia (WB),,2010,3.93679175834468
5451,South Asia (WB),,2011,3.9314091152018302
5452,South Asia (WB),,2012,3.9301874023070313
5453,South Asia (WB),,2013,3.931138253996
5454,South Asia (WB),,2014,3.93333529520272
5455,South Asia (WB),,2015,3.93431519253103
5456,South Asia (WB),,2016,3.9338081011653694
5457,South Asia (WB),,2017,3.9330679451507113
5458,South Asia (WB),,2018,3.92531736377503
5459,South Asia (WB),,2019,3.90776737404828
5460,South Sudan,SSD,1990,4.68907363948911
5461,South Sudan,SSD,1991,4.68827020562769
5462,South Sudan,SSD,1992,4.68958084161181
5463,South Sudan,SSD,1993,4.69198285190312
5464,South Sudan,SSD,1994,4.69560958568451
5465,South Sudan,SSD,1995,4.69838798235838
5466,South Sudan,SSD,1996,4.70120848780494
5467,South Sudan,SSD,1997,4.7054417218985
5468,South Sudan,SSD,1998,4.70973790066399
5469,South Sudan,SSD,1999,4.71478663766401
5470,South Sudan,SSD,2000,4.7183204876398
5471,South Sudan,SSD,2001,4.72122477207558
5472,South Sudan,SSD,2002,4.7221635592767095
5473,South Sudan,SSD,2003,4.7230890424623
5474,South Sudan,SSD,2004,4.7234435480282
5475,South Sudan,SSD,2005,4.72437741642417
5476,South Sudan,SSD,2006,4.7270809999499
5477,South Sudan,SSD,2007,4.72496359266401
5478,South Sudan,SSD,2008,4.72477491644198
5479,South Sudan,SSD,2009,4.72474941595379
5480,South Sudan,SSD,2010,4.72597898304436
5481,South Sudan,SSD,2011,4.73370588708493
5482,South Sudan,SSD,2012,4.7422999778026
5483,South Sudan,SSD,2013,4.75511658697586
5484,South Sudan,SSD,2014,4.766957340616361
5485,South Sudan,SSD,2015,4.78297719822355
5486,South Sudan,SSD,2016,4.80041568890353
5487,South Sudan,SSD,2017,4.81571107307258
5488,South Sudan,SSD,2018,4.82847122382388
5489,South Sudan,SSD,2019,4.85096681876155
5490,South-East Asia Region (WHO),,1990,3.73671017212312
5491,South-East Asia Region (WHO),,1991,3.8296923521563295
5492,South-East Asia Region (WHO),,1992,3.9105371704795298
5493,South-East Asia Region (WHO),,1993,3.97504435202704
5494,South-East Asia Region (WHO),,1994,4.01871350239123
5495,South-East Asia Region (WHO),,1995,4.0361440540201095
5496,South-East Asia Region (WHO),,1996,4.03154049897062
5497,South-East Asia Region (WHO),,1997,4.01589343166519
5498,South-East Asia Region (WHO),,1998,3.9968232698708097
5499,South-East Asia Region (WHO),,1999,3.9814811849415097
5500,South-East Asia Region (WHO),,2000,3.97735757541378
5501,South-East Asia Region (WHO),,2001,3.9922551904770702
5502,South-East Asia Region (WHO),,2002,4.021144322869049
5503,South-East Asia Region (WHO),,2003,4.054706508420701
5504,South-East Asia Region (WHO),,2004,4.08295535910512
5505,South-East Asia Region (WHO),,2005,4.09492211009293
5506,South-East Asia Region (WHO),,2006,4.04378990715168
5507,South-East Asia Region (WHO),,2007,3.92159772707832
5508,South-East Asia Region (WHO),,2008,3.77495295588988
5509,South-East Asia Region (WHO),,2009,3.65101672112226
5510,South-East Asia Region (WHO),,2010,3.5960548785944297
5511,South-East Asia Region (WHO),,2011,3.5936835033232204
5512,South-East Asia Region (WHO),,2012,3.59503037315502
5513,South-East Asia Region (WHO),,2013,3.59825672240878
5514,South-East Asia Region (WHO),,2014,3.60196662231083
5515,South-East Asia Region (WHO),,2015,3.60439809619572
5516,South-East Asia Region (WHO),,2016,3.60452998820857
5517,South-East Asia Region (WHO),,2017,3.60402194474364
5518,South-East Asia Region (WHO),,2018,3.59709753497482
5519,South-East Asia Region (WHO),,2019,3.58094593745367
5520,Spain,ESP,1990,4.469053149783489
5521,Spain,ESP,1991,4.39161661701295
5522,Spain,ESP,1992,4.32267843410734
5523,Spain,ESP,1993,4.26207488274378
5524,Spain,ESP,1994,4.2176382607517
5525,Spain,ESP,1995,4.18639502188314
5526,Spain,ESP,1996,4.1679528569151305
5527,Spain,ESP,1997,4.15476540513456
5528,Spain,ESP,1998,4.14226006243772
5529,Spain,ESP,1999,4.133479784598619
5530,Spain,ESP,2000,4.122812567575631
5531,Spain,ESP,2001,4.119562632446431
5532,Spain,ESP,2002,4.130558639147
5533,Spain,ESP,2003,4.15288636391646
5534,Spain,ESP,2004,4.177929140810599
5535,Spain,ESP,2005,4.2035937467887
5536,Spain,ESP,2006,4.27275150125929
5537,Spain,ESP,2007,4.4021798399213
5538,Spain,ESP,2008,4.55814577770688
5539,Spain,ESP,2009,4.7011565873026
5540,Spain,ESP,2010,4.79576790798217
5541,Spain,ESP,2011,4.85054125024772
5542,Spain,ESP,2012,4.90339172439427
5543,Spain,ESP,2013,4.94912082144322
5544,Spain,ESP,2014,4.98950437610237
5545,Spain,ESP,2015,5.02085118834815
5546,Spain,ESP,2016,5.064499832453221
5547,Spain,ESP,2017,5.10993623494414
5548,Spain,ESP,2018,5.14583665755336
5549,Spain,ESP,2019,5.191651174922081
5550,Sri Lanka,LKA,1990,3.46654901144736
5551,Sri Lanka,LKA,1991,3.46879373764412
5552,Sri Lanka,LKA,1992,3.46365868842247
5553,Sri Lanka,LKA,1993,3.45977646931623
5554,Sri Lanka,LKA,1994,3.45114588813967
5555,Sri Lanka,LKA,1995,3.4429456921586
5556,Sri Lanka,LKA,1996,3.42039279043328
5557,Sri Lanka,LKA,1997,3.37525633671735
5558,Sri Lanka,LKA,1998,3.31948718716063
5559,Sri Lanka,LKA,1999,3.26445011999523
5560,Sri Lanka,LKA,2000,3.2180987056694104
5561,Sri Lanka,LKA,2001,3.1828853969378903
5562,Sri Lanka,LKA,2002,3.14872059454375
5563,Sri Lanka,LKA,2003,3.11769483670573
5564,Sri Lanka,LKA,2004,3.08859735490588
5565,Sri Lanka,LKA,2005,3.0618331287060903
5566,Sri Lanka,LKA,2006,3.03508751735168
5567,Sri Lanka,LKA,2007,3.0073679132044
5568,Sri Lanka,LKA,2008,2.98284514780832
5569,Sri Lanka,LKA,2009,2.96438285334842
5570,Sri Lanka,LKA,2010,2.95625368166595
5571,Sri Lanka,LKA,2011,2.96046648644368
5572,Sri Lanka,LKA,2012,2.96867940442026
5573,Sri Lanka,LKA,2013,2.9820692161225604
5574,Sri Lanka,LKA,2014,2.99327159244741
5575,Sri Lanka,LKA,2015,3.00055884250484
5576,Sri Lanka,LKA,2016,3.00478565771555
5577,Sri Lanka,LKA,2017,3.00697856426589
5578,Sri Lanka,LKA,2018,3.01091109295353
5579,Sri Lanka,LKA,2019,3.01514717933103
5580,Sub-Saharan Africa (WB),,1990,4.73784456580278
5581,Sub-Saharan Africa (WB),,1991,4.72932199770662
5582,Sub-Saharan Africa (WB),,1992,4.72161673309959
5583,Sub-Saharan Africa (WB),,1993,4.71509667361918
5584,Sub-Saharan Africa (WB),,1994,4.71220093211635
5585,Sub-Saharan Africa (WB),,1995,4.712390148703309
5586,Sub-Saharan Africa (WB),,1996,4.72477771549989
5587,Sub-Saharan Africa (WB),,1997,4.751365774246
5588,Sub-Saharan Africa (WB),,1998,4.78169866018798
5589,Sub-Saharan Africa (WB),,1999,4.80696499190129
5590,Sub-Saharan Africa (WB),,2000,4.81659930781994
5591,Sub-Saharan Africa (WB),,2001,4.81473016698516
5592,Sub-Saharan Africa (WB),,2002,4.8108093832999295
5593,Sub-Saharan Africa (WB),,2003,4.80599343990496
5594,Sub-Saharan Africa (WB),,2004,4.80132442857354
5595,Sub-Saharan Africa (WB),,2005,4.79670631343755
5596,Sub-Saharan Africa (WB),,2006,4.78488264887008
5597,Sub-Saharan Africa (WB),,2007,4.76128030467316
5598,Sub-Saharan Africa (WB),,2008,4.73147091330632
5599,Sub-Saharan Africa (WB),,2009,4.7019697745338105
5600,Sub-Saharan Africa (WB),,2010,4.67827651269515
5601,Sub-Saharan Africa (WB),,2011,4.65719391925371
5602,Sub-Saharan Africa (WB),,2012,4.63370401471586
5603,Sub-Saharan Africa (WB),,2013,4.61197624248337
5604,Sub-Saharan Africa (WB),,2014,4.59707223833946
5605,Sub-Saharan Africa (WB),,2015,4.59439371087769
5606,Sub-Saharan Africa (WB),,2016,4.605109831593151
5607,Sub-Saharan Africa (WB),,2017,4.61563415304344
5608,Sub-Saharan Africa (WB),,2018,4.62082269843916
5609,Sub-Saharan Africa (WB),,2019,4.62507585986313
5610,Sudan,SDN,1990,4.63651828998161
5611,Sudan,SDN,1991,4.62874739067071
5612,Sudan,SDN,1992,4.62247233438277
5613,Sudan,SDN,1993,4.61848726217924
5614,Sudan,SDN,1994,4.61478574363395
5615,Sudan,SDN,1995,4.61589766180516
5616,Sudan,SDN,1996,4.619120062610111
5617,Sudan,SDN,1997,4.62597509632676
5618,Sudan,SDN,1998,4.636070486276609
5619,Sudan,SDN,1999,4.64612224465396
5620,Sudan,SDN,2000,4.6472069584044
5621,Sudan,SDN,2001,4.64473127905028
5622,Sudan,SDN,2002,4.63464687355123
5623,Sudan,SDN,2003,4.622303835413359
5624,Sudan,SDN,2004,4.61062651253234
5625,Sudan,SDN,2005,4.603482519305531
5626,Sudan,SDN,2006,4.59774335564677
5627,Sudan,SDN,2007,4.59276682679699
5628,Sudan,SDN,2008,4.591749401623519
5629,Sudan,SDN,2009,4.58761117376757
5630,Sudan,SDN,2010,4.585595962242199
5631,Sudan,SDN,2011,4.58146934816595
5632,Sudan,SDN,2012,4.57725827993909
5633,Sudan,SDN,2013,4.56969778201622
5634,Sudan,SDN,2014,4.56455034626358
5635,Sudan,SDN,2015,4.56542413657471
5636,Sudan,SDN,2016,4.56947867401227
5637,Sudan,SDN,2017,4.57505970611507
5638,Sudan,SDN,2018,4.58600099727329
5639,Sudan,SDN,2019,4.60567015150746
5640,Suriname,SUR,1990,4.61255001796161
5641,Suriname,SUR,1991,4.61799533102248
5642,Suriname,SUR,1992,4.62668719860643
5643,Suriname,SUR,1993,4.63766831225295
5644,Suriname,SUR,1994,4.64863067212864
5645,Suriname,SUR,1995,4.66079466478259
5646,Suriname,SUR,1996,4.67508322510695
5647,Suriname,SUR,1997,4.69882263505679
5648,Suriname,SUR,1998,4.72483564061257
5649,Suriname,SUR,1999,4.75225930588151
5650,Suriname,SUR,2000,4.77651186932773
5651,Suriname,SUR,2001,4.8010026262497
5652,Suriname,SUR,2002,4.83396870847025
5653,Suriname,SUR,2003,4.865106533327411
5654,Suriname,SUR,2004,4.89063148060833
5655,Suriname,SUR,2005,4.906865935071069
5656,Suriname,SUR,2006,4.91133325075929
5657,Suriname,SUR,2007,4.91496956988104
5658,Suriname,SUR,2008,4.91526988697511
5659,Suriname,SUR,2009,4.915112554393819
5660,Suriname,SUR,2010,4.9161182970047
5661,Suriname,SUR,2011,4.91551301936047
5662,Suriname,SUR,2012,4.91534724968115
5663,Suriname,SUR,2013,4.91381202096974
5664,Suriname,SUR,2014,4.91375360639654
5665,Suriname,SUR,2015,4.9160070680471
5666,Suriname,SUR,2016,4.923553227326409
5667,Suriname,SUR,2017,4.92766247420543
5668,Suriname,SUR,2018,4.916544941075849
5669,Suriname,SUR,2019,4.8855379065332
5670,Sweden,SWE,1990,4.569269737501671
5671,Sweden,SWE,1991,4.60024622065349
5672,Sweden,SWE,1992,4.62323426972244
5673,Sweden,SWE,1993,4.64093073846867
5674,Sweden,SWE,1994,4.65187177845798
5675,Sweden,SWE,1995,4.6571629964375205
5676,Sweden,SWE,1996,4.652057158927899
5677,Sweden,SWE,1997,4.63654688062873
5678,Sweden,SWE,1998,4.61928464173859
5679,Sweden,SWE,1999,4.60395175823429
5680,Sweden,SWE,2000,4.596283539151011
5681,Sweden,SWE,2001,4.59688533077209
5682,Sweden,SWE,2002,4.6011320786550405
5683,Sweden,SWE,2003,4.60543264313511
5684,Sweden,SWE,2004,4.61177219278908
5685,Sweden,SWE,2005,4.61512415446599
5686,Sweden,SWE,2006,4.61873648766433
5687,Sweden,SWE,2007,4.62254221914219
5688,Sweden,SWE,2008,4.62629560814072
5689,Sweden,SWE,2009,4.6282829714903
5690,Sweden,SWE,2010,4.62547074698703
5691,Sweden,SWE,2011,4.6088779843107
5692,Sweden,SWE,2012,4.577955741838189
5693,Sweden,SWE,2013,4.5416730107851
5694,Sweden,SWE,2014,4.50768762717029
5695,Sweden,SWE,2015,4.49065288336877
5696,Sweden,SWE,2016,4.49016636880015
5697,Sweden,SWE,2017,4.4929723603000005
5698,Sweden,SWE,2018,4.48670904455884
5699,Sweden,SWE,2019,4.4730403148073705
5700,Switzerland,CHE,1990,4.82289421072551
5701,Switzerland,CHE,1991,4.80753182575139
5702,Switzerland,CHE,1992,4.78957195539159
5703,Switzerland,CHE,1993,4.77133465603574
5704,Switzerland,CHE,1994,4.74983589431253
5705,Switzerland,CHE,1995,4.72767291327831
5706,Switzerland,CHE,1996,4.70386289998567
5707,Switzerland,CHE,1997,4.67367047499347
5708,Switzerland,CHE,1998,4.63888449288483
5709,Switzerland,CHE,1999,4.5981424036067
5710,Switzerland,CHE,2000,4.546216526030291
5711,Switzerland,CHE,2001,4.4054284114113305
5712,Switzerland,CHE,2002,4.15278281902978
5713,Switzerland,CHE,2003,3.86844755316794
5714,Switzerland,CHE,2004,3.63482956777904
5715,Switzerland,CHE,2005,3.53832455957099
5716,Switzerland,CHE,2006,3.6031895947007
5717,Switzerland,CHE,2007,3.75575759042851
5718,Switzerland,CHE,2008,3.93690256420184
5719,Switzerland,CHE,2009,4.0893811913946
5720,Switzerland,CHE,2010,4.1517837613602495
5721,Switzerland,CHE,2011,4.14652342560489
5722,Switzerland,CHE,2012,4.13171922704723
5723,Switzerland,CHE,2013,4.11333235727282
5724,Switzerland,CHE,2014,4.098957597597621
5725,Switzerland,CHE,2015,4.09277594544141
5726,Switzerland,CHE,2016,4.10333441857259
5727,Switzerland,CHE,2017,4.11340092994294
5728,Switzerland,CHE,2018,4.10524745685157
5729,Switzerland,CHE,2019,4.0847102363463
5730,Syria,SYR,1990,4.2902793745869
5731,Syria,SYR,1991,4.271967057367839
5732,Syria,SYR,1992,4.25561030398261
5733,Syria,SYR,1993,4.24059655203837
5734,Syria,SYR,1994,4.2285518698563
5735,Syria,SYR,1995,4.221154312056
5736,Syria,SYR,1996,4.21397293862578
5737,Syria,SYR,1997,4.20714777044944
5738,Syria,SYR,1998,4.20278950829831
5739,Syria,SYR,1999,4.19895761212854
5740,Syria,SYR,2000,4.19829756697358
5741,Syria,SYR,2001,4.19526773908746
5742,Syria,SYR,2002,4.19573940525546
5743,Syria,SYR,2003,4.195473481569549
5744,Syria,SYR,2004,4.19358189794488
5745,Syria,SYR,2005,4.18921345789847
5746,Syria,SYR,2006,4.17845081821511
5747,Syria,SYR,2007,4.16218978424981
5748,Syria,SYR,2008,4.14439043085521
5749,Syria,SYR,2009,4.13099795496526
5750,Syria,SYR,2010,4.12730325264529
5751,Syria,SYR,2011,4.13991042789095
5752,Syria,SYR,2012,4.164689230264241
5753,Syria,SYR,2013,4.192057462270251
5754,Syria,SYR,2014,4.216853028094611
5755,Syria,SYR,2015,4.23145381571818
5756,Syria,SYR,2016,4.2373217363733
5757,Syria,SYR,2017,4.23821819942622
5758,Syria,SYR,2018,4.27802560827831
5759,Syria,SYR,2019,4.3543916244492
5760,Taiwan,TWN,1990,2.61646230848144
5761,Taiwan,TWN,1991,2.62101837902796
5762,Taiwan,TWN,1992,2.62776227303579
5763,Taiwan,TWN,1993,2.6342370566205
5764,Taiwan,TWN,1994,2.6396182414861102
5765,Taiwan,TWN,1995,2.64604235691525
5766,Taiwan,TWN,1996,2.65311697275501
5767,Taiwan,TWN,1997,2.66367043780145
5768,Taiwan,TWN,1998,2.6776380592046403
5769,Taiwan,TWN,1999,2.6904951975132803
5770,Taiwan,TWN,2000,2.70216189281222
5771,Taiwan,TWN,2001,2.71188807507325
5772,Taiwan,TWN,2002,2.72115739435606
5773,Taiwan,TWN,2003,2.72926317093692
5774,Taiwan,TWN,2004,2.73492529302891
5775,Taiwan,TWN,2005,2.74047371652474
5776,Taiwan,TWN,2006,2.74256594685314
5777,Taiwan,TWN,2007,2.74460831942551
5778,Taiwan,TWN,2008,2.74298464872173
5779,Taiwan,TWN,2009,2.7415518965825303
5780,Taiwan,TWN,2010,2.74558967767922
5781,Taiwan,TWN,2011,2.74960165824156
5782,Taiwan,TWN,2012,2.75471079311378
5783,Taiwan,TWN,2013,2.76056246263392
5784,Taiwan,TWN,2014,2.76599763127398
5785,Taiwan,TWN,2015,2.76841156699228
5786,Taiwan,TWN,2016,2.76331142217189
5787,Taiwan,TWN,2017,2.75552006226558
5788,Taiwan,TWN,2018,2.75851578532993
5789,Taiwan,TWN,2019,2.77040665179325
5790,Tajikistan,TJK,1990,3.11846436871327
5791,Tajikistan,TJK,1991,3.1070124778335697
5792,Tajikistan,TJK,1992,3.09447856689858
5793,Tajikistan,TJK,1993,3.08147700475302
5794,Tajikistan,TJK,1994,3.06900937886983
5795,Tajikistan,TJK,1995,3.0545227027330704
5796,Tajikistan,TJK,1996,3.03987721600135
5797,Tajikistan,TJK,1997,3.0196718552443
5798,Tajikistan,TJK,1998,2.99982823113806
5799,Tajikistan,TJK,1999,2.9817509109354
5800,Tajikistan,TJK,2000,2.96905227803245
5801,Tajikistan,TJK,2001,2.96289393165496
5802,Tajikistan,TJK,2002,2.96001858154047
5803,Tajikistan,TJK,2003,2.95765222425293
5804,Tajikistan,TJK,2004,2.9564015882349097
5805,Tajikistan,TJK,2005,2.95374048583233
5806,Tajikistan,TJK,2006,2.94431193661207
5807,Tajikistan,TJK,2007,2.93051667128503
5808,Tajikistan,TJK,2008,2.91622837998344
5809,Tajikistan,TJK,2009,2.90384260287565
5810,Tajikistan,TJK,2010,2.89979585150975
5811,Tajikistan,TJK,2011,2.9030061371448
5812,Tajikistan,TJK,2012,2.91161951476681
5813,Tajikistan,TJK,2013,2.92048861985409
5814,Tajikistan,TJK,2014,2.92933626533571
5815,Tajikistan,TJK,2015,2.93629309321651
5816,Tajikistan,TJK,2016,2.94032779365421
5817,Tajikistan,TJK,2017,2.94787026094492
5818,Tajikistan,TJK,2018,2.95756880595547
5819,Tajikistan,TJK,2019,2.97359286820299
5820,Tanzania,TZA,1990,4.85392107172583
5821,Tanzania,TZA,1991,4.84790381221863
5822,Tanzania,TZA,1992,4.84153443215346
5823,Tanzania,TZA,1993,4.83576716899682
5824,Tanzania,TZA,1994,4.82938959681461
5825,Tanzania,TZA,1995,4.82682861101311
5826,Tanzania,TZA,1996,4.82270945041639
5827,Tanzania,TZA,1997,4.81816669779016
5828,Tanzania,TZA,1998,4.81037546642551
5829,Tanzania,TZA,1999,4.80300571038303
5830,Tanzania,TZA,2000,4.79613187737415
5831,Tanzania,TZA,2001,4.78313139083756
5832,Tanzania,TZA,2002,4.76345547550161
5833,Tanzania,TZA,2003,4.74202292844942
5834,Tanzania,TZA,2004,4.722076699088721
5835,Tanzania,TZA,2005,4.710473105024611
5836,Tanzania,TZA,2006,4.70198857847807
5837,Tanzania,TZA,2007,4.6960922538848
5838,Tanzania,TZA,2008,4.69003161558907
5839,Tanzania,TZA,2009,4.6895492944568
5840,Tanzania,TZA,2010,4.69058777586205
5841,Tanzania,TZA,2011,4.69302650930482
5842,Tanzania,TZA,2012,4.69542747318636
5843,Tanzania,TZA,2013,4.696199939960359
5844,Tanzania,TZA,2014,4.69888585785349
5845,Tanzania,TZA,2015,4.70287803080809
5846,Tanzania,TZA,2016,4.713697570580551
5847,Tanzania,TZA,2017,4.72608211419311
5848,Tanzania,TZA,2018,4.74469526393428
5849,Tanzania,TZA,2019,4.77013830863413
5850,Thailand,THA,1990,2.9233812524086003
5851,Thailand,THA,1991,2.92918218619662
5852,Thailand,THA,1992,2.9363975736723
5853,Thailand,THA,1993,2.94318872338323
5854,Thailand,THA,1994,2.9500144552038
5855,Thailand,THA,1995,2.9572292781241902
5856,Thailand,THA,1996,2.9664453897386
5857,Thailand,THA,1997,2.97885845918334
5858,Thailand,THA,1998,2.99157408207694
5859,Thailand,THA,1999,3.00543767250597
5860,Thailand,THA,2000,3.01496576205213
5861,Thailand,THA,2001,3.02498549801296
5862,Thailand,THA,2002,3.03603020599969
5863,Thailand,THA,2003,3.04709333400245
5864,Thailand,THA,2004,3.05617449809076
5865,Thailand,THA,2005,3.05804026098566
5866,Thailand,THA,2006,3.0549510744893
5867,Thailand,THA,2007,3.0472367134258
5868,Thailand,THA,2008,3.03854942933884
5869,Thailand,THA,2009,3.03107248816359
5870,Thailand,THA,2010,3.02399733998623
5871,Thailand,THA,2011,3.02058646427152
5872,Thailand,THA,2012,3.01585203981628
5873,Thailand,THA,2013,3.01257616611516
5874,Thailand,THA,2014,3.00838264394978
5875,Thailand,THA,2015,3.00811021361141
5876,Thailand,THA,2016,3.00517939312295
5877,Thailand,THA,2017,3.00144595488756
5878,Thailand,THA,2018,2.99897312958302
5879,Thailand,THA,2019,2.9918567389048
5880,Timor,TLS,1990,3.1082451832825
5881,Timor,TLS,1991,3.10610647455306
5882,Timor,TLS,1992,3.10157881831259
5883,Timor,TLS,1993,3.09630781155588
5884,Timor,TLS,1994,3.08854865496403
5885,Timor,TLS,1995,3.08195582854454
5886,Timor,TLS,1996,3.066600367722
5887,Timor,TLS,1997,3.0428607336884896
5888,Timor,TLS,1998,3.01393166426579
5889,Timor,TLS,1999,2.98568771977863
5890,Timor,TLS,2000,2.96739891524429
5891,Timor,TLS,2001,2.95506712147888
5892,Timor,TLS,2002,2.94783321341613
5893,Timor,TLS,2003,2.9414387473964703
5894,Timor,TLS,2004,2.93487209400061
5895,Timor,TLS,2005,2.92567553361754
5896,Timor,TLS,2006,2.9111450206177
5897,Timor,TLS,2007,2.8947744931122297
5898,Timor,TLS,2008,2.87828235435067
5899,Timor,TLS,2009,2.86374814471409
5900,Timor,TLS,2010,2.85807130571298
5901,Timor,TLS,2011,2.85850260147868
5902,Timor,TLS,2012,2.86437407989411
5903,Timor,TLS,2013,2.87108313525176
5904,Timor,TLS,2014,2.87785113288717
5905,Timor,TLS,2015,2.88062218928913
5906,Timor,TLS,2016,2.8810342116757
5907,Timor,TLS,2017,2.88148478713828
5908,Timor,TLS,2018,2.88396855842228
5909,Timor,TLS,2019,2.88666699712926
5910,Togo,TGO,1990,4.415494431608479
5911,Togo,TGO,1991,4.42033776900009
5912,Togo,TGO,1992,4.42504824879045
5913,Togo,TGO,1993,4.43208775032871
5914,Togo,TGO,1994,4.43937337637601
5915,Togo,TGO,1995,4.44590265192814
5916,Togo,TGO,1996,4.45515748146227
5917,Togo,TGO,1997,4.46957874109986
5918,Togo,TGO,1998,4.48629076701895
5919,Togo,TGO,1999,4.5007554282253
5920,Togo,TGO,2000,4.50997335170486
5921,Togo,TGO,2001,4.51724315502025
5922,Togo,TGO,2002,4.52431348954096
5923,Togo,TGO,2003,4.52851349985487
5924,Togo,TGO,2004,4.529805525077
5925,Togo,TGO,2005,4.53066717931073
5926,Togo,TGO,2006,4.5338576118075
5927,Togo,TGO,2007,4.53822822585214
5928,Togo,TGO,2008,4.54321890696345
5929,Togo,TGO,2009,4.54619355214732
5930,Togo,TGO,2010,4.5490223856644505
5931,Togo,TGO,2011,4.54628865893524
5932,Togo,TGO,2012,4.548765814045551
5933,Togo,TGO,2013,4.54793785959206
5934,Togo,TGO,2014,4.54724570181924
5935,Togo,TGO,2015,4.54991262427498
5936,Togo,TGO,2016,4.5577920905768
5937,Togo,TGO,2017,4.56781005644014
5938,Togo,TGO,2018,4.57351370745225
5939,Togo,TGO,2019,4.57918956943145
5940,Tokelau,TKL,1990,3.28711951065117
5941,Tokelau,TKL,1991,3.29042426573546
5942,Tokelau,TKL,1992,3.2916452162874497
5943,Tokelau,TKL,1993,3.2926339770358
5944,Tokelau,TKL,1994,3.29008410255517
5945,Tokelau,TKL,1995,3.2885713962274203
5946,Tokelau,TKL,1996,3.28583241925624
5947,Tokelau,TKL,1997,3.28447452614944
5948,Tokelau,TKL,1998,3.28607083735494
5949,Tokelau,TKL,1999,3.28704577842309
5950,Tokelau,TKL,2000,3.29102188091792
5951,Tokelau,TKL,2001,3.29321952901915
5952,Tokelau,TKL,2002,3.29014784834202
5953,Tokelau,TKL,2003,3.2821899887814
5954,Tokelau,TKL,2004,3.27447009574504
5955,Tokelau,TKL,2005,3.26807927789651
5956,Tokelau,TKL,2006,3.26667787765576
5957,Tokelau,TKL,2007,3.2658521472067297
5958,Tokelau,TKL,2008,3.26907386061355
5959,Tokelau,TKL,2009,3.27404864264255
5960,Tokelau,TKL,2010,3.27827622228756
5961,Tokelau,TKL,2011,3.2808859431988897
5962,Tokelau,TKL,2012,3.2743373302159497
5963,Tokelau,TKL,2013,3.26997170442815
5964,Tokelau,TKL,2014,3.2658458165553697
5965,Tokelau,TKL,2015,3.26609012740314
5966,Tokelau,TKL,2016,3.26404075471036
5967,Tokelau,TKL,2017,3.2598295812672298
5968,Tokelau,TKL,2018,3.25869425483061
5969,Tokelau,TKL,2019,3.26424269531466
5970,Tonga,TON,1990,2.81603405446493
5971,Tonga,TON,1991,2.81494869034151
5972,Tonga,TON,1992,2.81236784135679
5973,Tonga,TON,1993,2.8098942352166
5974,Tonga,TON,1994,2.8070853598364898
5975,Tonga,TON,1995,2.80596560873785
5976,Tonga,TON,1996,2.80474436807815
5977,Tonga,TON,1997,2.80293473336332
5978,Tonga,TON,1998,2.8001714461219502
5979,Tonga,TON,1999,2.80030575976634
5980,Tonga,TON,2000,2.80034584814574
5981,Tonga,TON,2001,2.7991467935436
5982,Tonga,TON,2002,2.79921719302858
5983,Tonga,TON,2003,2.80001894914705
5984,Tonga,TON,2004,2.80008421511701
5985,Tonga,TON,2005,2.79980221254162
5986,Tonga,TON,2006,2.79691366272627
5987,Tonga,TON,2007,2.79095171321885
5988,Tonga,TON,2008,2.78588715820548
5989,Tonga,TON,2009,2.78169422900258
5990,Tonga,TON,2010,2.78116347692095
5991,Tonga,TON,2011,2.78182136469793
5992,Tonga,TON,2012,2.78521083412913
5993,Tonga,TON,2013,2.78608278719813
5994,Tonga,TON,2014,2.7873736577815102
5995,Tonga,TON,2015,2.7900358643948
5996,Tonga,TON,2016,2.7894375136164498
5997,Tonga,TON,2017,2.79115150968054
5998,Tonga,TON,2018,2.8014249311755
5999,Tonga,TON,2019,2.8221258269099803
6000,Trinidad and Tobago,TTO,1990,4.17893685499275
6001,Trinidad and Tobago,TTO,1991,4.1637922578272
6002,Trinidad and Tobago,TTO,1992,4.149821508328451
6003,Trinidad and Tobago,TTO,1993,4.137436978197339
6004,Trinidad and Tobago,TTO,1994,4.12440796877677
6005,Trinidad and Tobago,TTO,1995,4.11526952414173
6006,Trinidad and Tobago,TTO,1996,4.105967606494651
6007,Trinidad and Tobago,TTO,1997,4.09376688136057
6008,Trinidad and Tobago,TTO,1998,4.08004587483201
6009,Trinidad and Tobago,TTO,1999,4.06550982103342
6010,Trinidad and Tobago,TTO,2000,4.05547310488208
6011,Trinidad and Tobago,TTO,2001,4.04551458023366
6012,Trinidad and Tobago,TTO,2002,4.03538545898307
6013,Trinidad and Tobago,TTO,2003,4.02047678264495
6014,Trinidad and Tobago,TTO,2004,4.00966980478002
6015,Trinidad and Tobago,TTO,2005,3.99877391327393
6016,Trinidad and Tobago,TTO,2006,3.98978892702999
6017,Trinidad and Tobago,TTO,2007,3.97764661184092
6018,Trinidad and Tobago,TTO,2008,3.96539023066343
6019,Trinidad and Tobago,TTO,2009,3.956451417569741
6020,Trinidad and Tobago,TTO,2010,3.95396658656549
6021,Trinidad and Tobago,TTO,2011,3.9583005068947
6022,Trinidad and Tobago,TTO,2012,3.96818888874149
6023,Trinidad and Tobago,TTO,2013,3.98078097088478
6024,Trinidad and Tobago,TTO,2014,3.99059202150562
6025,Trinidad and Tobago,TTO,2015,3.99724262434488
6026,Trinidad and Tobago,TTO,2016,3.9933979930070898
6027,Trinidad and Tobago,TTO,2017,3.98869175953422
6028,Trinidad and Tobago,TTO,2018,4.00338021864771
6029,Trinidad and Tobago,TTO,2019,4.03433286115149
6030,Tunisia,TUN,1990,5.290680922764681
6031,Tunisia,TUN,1991,5.28300029726238
6032,Tunisia,TUN,1992,5.27731740793015
6033,Tunisia,TUN,1993,5.27204236123654
6034,Tunisia,TUN,1994,5.267865531739821
6035,Tunisia,TUN,1995,5.2673821275132005
6036,Tunisia,TUN,1996,5.27016306206837
6037,Tunisia,TUN,1997,5.28278609411715
6038,Tunisia,TUN,1998,5.2921251493848
6039,Tunisia,TUN,1999,5.30232289439547
6040,Tunisia,TUN,2000,5.30552505316461
6041,Tunisia,TUN,2001,5.30575627260751
6042,Tunisia,TUN,2002,5.29752662465346
6043,Tunisia,TUN,2003,5.29283673649478
6044,Tunisia,TUN,2004,5.28691483743053
6045,Tunisia,TUN,2005,5.2829944175928105
6046,Tunisia,TUN,2006,5.28043373278402
6047,Tunisia,TUN,2007,5.27901837428836
6048,Tunisia,TUN,2008,5.27810815605746
6049,Tunisia,TUN,2009,5.27659467323456
6050,Tunisia,TUN,2010,5.27251435310906
6051,Tunisia,TUN,2011,5.26989354180251
6052,Tunisia,TUN,2012,5.27258958690958
6053,Tunisia,TUN,2013,5.277479111779511
6054,Tunisia,TUN,2014,5.28198062712643
6055,Tunisia,TUN,2015,5.28188699825585
6056,Tunisia,TUN,2016,5.27198113144408
6057,Tunisia,TUN,2017,5.26587777195187
6058,Tunisia,TUN,2018,5.29030321963286
6059,Tunisia,TUN,2019,5.34395112896507
6060,Turkey,TUR,1990,4.19290605037418
6061,Turkey,TUR,1991,4.1845739387319805
6062,Turkey,TUR,1992,4.17935093988029
6063,Turkey,TUR,1993,4.17360767046231
6064,Turkey,TUR,1994,4.17122235538638
6065,Turkey,TUR,1995,4.17029977707577
6066,Turkey,TUR,1996,4.17012623832366
6067,Turkey,TUR,1997,4.176793054090759
6068,Turkey,TUR,1998,4.18514579306355
6069,Turkey,TUR,1999,4.19827298493995
6070,Turkey,TUR,2000,4.21403310822918
6071,Turkey,TUR,2001,4.2498871877521
6072,Turkey,TUR,2002,4.314016447273461
6073,Turkey,TUR,2003,4.3841358964534605
6074,Turkey,TUR,2004,4.441864703619499
6075,Turkey,TUR,2005,4.46677735023742
6076,Turkey,TUR,2006,4.45494005965152
6077,Turkey,TUR,2007,4.42141325456266
6078,Turkey,TUR,2008,4.37741547900701
6079,Turkey,TUR,2009,4.337515532671111
6080,Turkey,TUR,2010,4.31247119296361
6081,Turkey,TUR,2011,4.30150429036515
6082,Turkey,TUR,2012,4.29335426035914
6083,Turkey,TUR,2013,4.28470983519391
6084,Turkey,TUR,2014,4.2755404022283
6085,Turkey,TUR,2015,4.26791321540196
6086,Turkey,TUR,2016,4.21484639533605
6087,Turkey,TUR,2017,4.15677170075126
6088,Turkey,TUR,2018,4.14562047910729
6089,Turkey,TUR,2019,4.15640524889698
6090,Turkmenistan,TKM,1990,3.3852779607431
6091,Turkmenistan,TKM,1991,3.38285526841863
6092,Turkmenistan,TKM,1992,3.3811276732428204
6093,Turkmenistan,TKM,1993,3.37868028588228
6094,Turkmenistan,TKM,1994,3.37413986219742
6095,Turkmenistan,TKM,1995,3.3702619958148
6096,Turkmenistan,TKM,1996,3.36539776463858
6097,Turkmenistan,TKM,1997,3.3576187032382903
6098,Turkmenistan,TKM,1998,3.3483456911590603
6099,Turkmenistan,TKM,1999,3.33999910979751
6100,Turkmenistan,TKM,2000,3.3354616785281697
6101,Turkmenistan,TKM,2001,3.33497470118633
6102,Turkmenistan,TKM,2002,3.33523801043786
6103,Turkmenistan,TKM,2003,3.33673168323028
6104,Turkmenistan,TKM,2004,3.33583787786869
6105,Turkmenistan,TKM,2005,3.33425817730194
6106,Turkmenistan,TKM,2006,3.32292414160147
6107,Turkmenistan,TKM,2007,3.30205305038327
6108,Turkmenistan,TKM,2008,3.27884356842176
6109,Turkmenistan,TKM,2009,3.2577786945754204
6110,Turkmenistan,TKM,2010,3.24690700959809
6111,Turkmenistan,TKM,2011,3.24638158488966
6112,Turkmenistan,TKM,2012,3.2477639968859005
6113,Turkmenistan,TKM,2013,3.2511037921686103
6114,Turkmenistan,TKM,2014,3.25424541256327
6115,Turkmenistan,TKM,2015,3.25506197282805
6116,Turkmenistan,TKM,2016,3.25468460055251
6117,Turkmenistan,TKM,2017,3.25399771959184
6118,Turkmenistan,TKM,2018,3.2532647528164103
6119,Turkmenistan,TKM,2019,3.24925013485771
6120,Tuvalu,TUV,1990,3.28751613927903
6121,Tuvalu,TUV,1991,3.2909972560216203
6122,Tuvalu,TUV,1992,3.2938497600783
6123,Tuvalu,TUV,1993,3.29530236845339
6124,Tuvalu,TUV,1994,3.29733858266708
6125,Tuvalu,TUV,1995,3.29778707252356
6126,Tuvalu,TUV,1996,3.29742232290263
6127,Tuvalu,TUV,1997,3.29362710143159
6128,Tuvalu,TUV,1998,3.2897246495815
6129,Tuvalu,TUV,1999,3.28652881202084
6130,Tuvalu,TUV,2000,3.2839944846093303
6131,Tuvalu,TUV,2001,3.2818498786240498
6132,Tuvalu,TUV,2002,3.27910457169682
6133,Tuvalu,TUV,2003,3.2764780328623804
6134,Tuvalu,TUV,2004,3.2748268071319195
6135,Tuvalu,TUV,2005,3.27392599632573
6136,Tuvalu,TUV,2006,3.27236140229083
6137,Tuvalu,TUV,2007,3.27166400445562
6138,Tuvalu,TUV,2008,3.2729559075433903
6139,Tuvalu,TUV,2009,3.2720106701877603
6140,Tuvalu,TUV,2010,3.270300258010049
6141,Tuvalu,TUV,2011,3.26828750224036
6142,Tuvalu,TUV,2012,3.26557417178149
6143,Tuvalu,TUV,2013,3.26191026587764
6144,Tuvalu,TUV,2014,3.25770003045317
6145,Tuvalu,TUV,2015,3.25538107233716
6146,Tuvalu,TUV,2016,3.2507830329755896
6147,Tuvalu,TUV,2017,3.2486042779717903
6148,Tuvalu,TUV,2018,3.24991309209264
6149,Tuvalu,TUV,2019,3.2546388495050502
6150,Uganda,UGA,1990,6.80932639714025
6151,Uganda,UGA,1991,6.93391019544223
6152,Uganda,UGA,1992,7.05431397947475
6153,Uganda,UGA,1993,7.1613618013152704
6154,Uganda,UGA,1994,7.25804665955845
6155,Uganda,UGA,1995,7.33727952278262
6156,Uganda,UGA,1996,7.41881949742012
6157,Uganda,UGA,1997,7.51054532744768
6158,Uganda,UGA,1998,7.5970493193522
6159,Uganda,UGA,1999,7.66137089094668
6160,Uganda,UGA,2000,7.688212750073981
6161,Uganda,UGA,2001,7.683887866708459
6162,Uganda,UGA,2002,7.668643627786239
6163,Uganda,UGA,2003,7.64853811719906
6164,Uganda,UGA,2004,7.62293595219502
6165,Uganda,UGA,2005,7.596065417762531
6166,Uganda,UGA,2006,7.54146481484695
6167,Uganda,UGA,2007,7.44422592204473
6168,Uganda,UGA,2008,7.325611582581059
6169,Uganda,UGA,2009,7.2052302474608405
6170,Uganda,UGA,2010,7.105922148906189
6171,Uganda,UGA,2011,7.00991849044771
6172,Uganda,UGA,2012,6.89932220984866
6173,Uganda,UGA,2013,6.79938816875838
6174,Uganda,UGA,2014,6.72399176079389
6175,Uganda,UGA,2015,6.693457185874239
6176,Uganda,UGA,2016,6.69835881554435
6177,Uganda,UGA,2017,6.70015294648864
6178,Uganda,UGA,2018,6.69850704546964
6179,Uganda,UGA,2019,6.69314666068141
6180,Ukraine,UKR,1990,4.55147374427668
6181,Ukraine,UKR,1991,4.61922331800505
6182,Ukraine,UKR,1992,4.68202075671003
6183,Ukraine,UKR,1993,4.73585816723808
6184,Ukraine,UKR,1994,4.77543525386838
6185,Ukraine,UKR,1995,4.79752177338354
6186,Ukraine,UKR,1996,4.81085695487516
6187,Ukraine,UKR,1997,4.82643899901793
6188,Ukraine,UKR,1998,4.8377024410402
6189,Ukraine,UKR,1999,4.84499163907857
6190,Ukraine,UKR,2000,4.84282494938894
6191,Ukraine,UKR,2001,4.8232964239234
6192,Ukraine,UKR,2002,4.78474697622223
6193,Ukraine,UKR,2003,4.73400913068341
6194,Ukraine,UKR,2004,4.67790894854481
6195,Ukraine,UKR,2005,4.62973101376297
6196,Ukraine,UKR,2006,4.58014376493094
6197,Ukraine,UKR,2007,4.52188795780812
6198,Ukraine,UKR,2008,4.46608952986485
6199,Ukraine,UKR,2009,4.41541591427357
6200,Ukraine,UKR,2010,4.37665619590323
6201,Ukraine,UKR,2011,4.33870420940989
6202,Ukraine,UKR,2012,4.29049269115411
6203,Ukraine,UKR,2013,4.2411543662609
6204,Ukraine,UKR,2014,4.2030611359049
6205,Ukraine,UKR,2015,4.18465614368679
6206,Ukraine,UKR,2016,4.190762420413701
6207,Ukraine,UKR,2017,4.19926757864016
6208,Ukraine,UKR,2018,4.20143583173241
6209,Ukraine,UKR,2019,4.2024326310097
6210,United Arab Emirates,ARE,1990,3.98347814734745
6211,United Arab Emirates,ARE,1991,3.98150680042278
6212,United Arab Emirates,ARE,1992,3.97951875005707
6213,United Arab Emirates,ARE,1993,3.97471346244753
6214,United Arab Emirates,ARE,1994,3.96883938463338
6215,United Arab Emirates,ARE,1995,3.96333731819463
6216,United Arab Emirates,ARE,1996,3.96100724058982
6217,United Arab Emirates,ARE,1997,3.95677158456872
6218,United Arab Emirates,ARE,1998,3.95307682000208
6219,United Arab Emirates,ARE,1999,3.94817027817313
6220,United Arab Emirates,ARE,2000,3.94154466945396
6221,United Arab Emirates,ARE,2001,3.9323377887212
6222,United Arab Emirates,ARE,2002,3.91938550995612
6223,United Arab Emirates,ARE,2003,3.9042002290823503
6224,United Arab Emirates,ARE,2004,3.88728315355652
6225,United Arab Emirates,ARE,2005,3.8696412142244703
6226,United Arab Emirates,ARE,2006,3.84072364301901
6227,United Arab Emirates,ARE,2007,3.7975027974387
6228,United Arab Emirates,ARE,2008,3.75376823659799
6229,United Arab Emirates,ARE,2009,3.71960004772282
6230,United Arab Emirates,ARE,2010,3.70483119076498
6231,United Arab Emirates,ARE,2011,3.70272139232902
6232,United Arab Emirates,ARE,2012,3.70527399241335
6233,United Arab Emirates,ARE,2013,3.71281693185348
6234,United Arab Emirates,ARE,2014,3.71896922675966
6235,United Arab Emirates,ARE,2015,3.72400942045749
6236,United Arab Emirates,ARE,2016,3.7191752603638495
6237,United Arab Emirates,ARE,2017,3.71755235972899
6238,United Arab Emirates,ARE,2018,3.73147673233625
6239,United Arab Emirates,ARE,2019,3.76205588685437
6240,United Kingdom,GBR,1990,4.945529884383601
6241,United Kingdom,GBR,1991,4.8556194040278005
6242,United Kingdom,GBR,1992,4.7741342322822495
6243,United Kingdom,GBR,1993,4.70725511922404
6244,United Kingdom,GBR,1994,4.66060820564201
6245,United Kingdom,GBR,1995,4.640281500302581
6246,United Kingdom,GBR,1996,4.63851076679299
6247,United Kingdom,GBR,1997,4.64018041804633
6248,United Kingdom,GBR,1998,4.64320979091341
6249,United Kingdom,GBR,1999,4.64469357510483
6250,United Kingdom,GBR,2000,4.642114897653
6251,United Kingdom,GBR,2001,4.61807505674724
6252,United Kingdom,GBR,2002,4.56670402313145
6253,United Kingdom,GBR,2003,4.50358071526645
6254,United Kingdom,GBR,2004,4.4451155757168905
6255,United Kingdom,GBR,2005,4.40654015545284
6256,United Kingdom,GBR,2006,4.3845542762433904
6257,United Kingdom,GBR,2007,4.36585434703425
6258,United Kingdom,GBR,2008,4.35191719691878
6259,United Kingdom,GBR,2009,4.34284634774941
6260,United Kingdom,GBR,2010,4.34106889674591
6261,United Kingdom,GBR,2011,4.365980065861471
6262,United Kingdom,GBR,2012,4.42254528488583
6263,United Kingdom,GBR,2013,4.48881076084265
6264,United Kingdom,GBR,2014,4.5440839995883
6265,United Kingdom,GBR,2015,4.56628823503091
6266,United Kingdom,GBR,2016,4.53476359646141
6267,United Kingdom,GBR,2017,4.502206224906679
6268,United Kingdom,GBR,2018,4.49890860596663
6269,United Kingdom,GBR,2019,4.50000087897626
6270,United States,USA,1990,4.06869477633175
6271,United States,USA,1991,4.19660981027295
6272,United States,USA,1992,4.32322429110205
6273,United States,USA,1993,4.4439555512081705
6274,United States,USA,1994,4.55438779416289
6275,United States,USA,1995,4.64991714112012
6276,United States,USA,1996,4.72887706450971
6277,United States,USA,1997,4.79229657432692
6278,United States,USA,1998,4.84176459932256
6279,United States,USA,1999,4.87749410740489
6280,United States,USA,2000,4.89988192125249
6281,United States,USA,2001,4.91024070020298
6282,United States,USA,2002,4.91209302844098
6283,United States,USA,2003,4.90904406777226
6284,United States,USA,2004,4.90685709117508
6285,United States,USA,2005,4.91121495722951
6286,United States,USA,2006,4.91927123133049
6287,United States,USA,2007,4.92651237685995
6288,United States,USA,2008,4.93165809245269
6289,United States,USA,2009,4.93379760781974
6290,United States,USA,2010,4.9325338813592
6291,United States,USA,2011,4.914325557688319
6292,United States,USA,2012,4.873906095373219
6293,United States,USA,2013,4.82531015875886
6294,United States,USA,2014,4.780309532371589
6295,United States,USA,2015,4.75160159694198
6296,United States,USA,2016,4.74037701348317
6297,United States,USA,2017,4.73525248346524
6298,United States,USA,2018,4.73257032370628
6299,United States,USA,2019,4.73376124595084
6300,United States Virgin Islands,VIR,1990,3.42558526326667
6301,United States Virgin Islands,VIR,1991,3.4018301244315605
6302,United States Virgin Islands,VIR,1992,3.38460273857231
6303,United States Virgin Islands,VIR,1993,3.37158880373907
6304,United States Virgin Islands,VIR,1994,3.3645021576707497
6305,United States Virgin Islands,VIR,1995,3.36260069658458
6306,United States Virgin Islands,VIR,1996,3.3676173080332203
6307,United States Virgin Islands,VIR,1997,3.37562242289645
6308,United States Virgin Islands,VIR,1998,3.38717775618821
6309,United States Virgin Islands,VIR,1999,3.3982350964906
6310,United States Virgin Islands,VIR,2000,3.40398435826591
6311,United States Virgin Islands,VIR,2001,3.41112918202095
6312,United States Virgin Islands,VIR,2002,3.42316546642589
6313,United States Virgin Islands,VIR,2003,3.4353446059023103
6314,United States Virgin Islands,VIR,2004,3.44424041028892
6315,United States Virgin Islands,VIR,2005,3.44961830373887
6316,United States Virgin Islands,VIR,2006,3.44684268769164
6317,United States Virgin Islands,VIR,2007,3.44018719159388
6318,United States Virgin Islands,VIR,2008,3.4333688036922703
6319,United States Virgin Islands,VIR,2009,3.42718629704592
6320,United States Virgin Islands,VIR,2010,3.425112423046249
6321,United States Virgin Islands,VIR,2011,3.43326563847322
6322,United States Virgin Islands,VIR,2012,3.44901888724938
6323,United States Virgin Islands,VIR,2013,3.4663943603348
6324,United States Virgin Islands,VIR,2014,3.48292539701439
6325,United States Virgin Islands,VIR,2015,3.4914995095259203
6326,United States Virgin Islands,VIR,2016,3.48703650332822
6327,United States Virgin Islands,VIR,2017,3.48597217459168
6328,United States Virgin Islands,VIR,2018,3.50616161624506
6329,United States Virgin Islands,VIR,2019,3.54842042633408
6330,Uruguay,URY,1990,2.7579857285651497
6331,Uruguay,URY,1991,2.7321261190006703
6332,Uruguay,URY,1992,2.71231937564114
6333,Uruguay,URY,1993,2.69663628822278
6334,Uruguay,URY,1994,2.69121332068608
6335,Uruguay,URY,1995,2.69274216414159
6336,Uruguay,URY,1996,2.704384713679
6337,Uruguay,URY,1997,2.72535169116941
6338,Uruguay,URY,1998,2.75159242596365
6339,Uruguay,URY,1999,2.77984290833231
6340,Uruguay,URY,2000,2.8059868140142297
6341,Uruguay,URY,2001,2.83205734339658
6342,Uruguay,URY,2002,2.86358940685408
6343,Uruguay,URY,2003,2.8951045371438
6344,Uruguay,URY,2004,2.91998129203415
6345,Uruguay,URY,2005,2.9347027446334
6346,Uruguay,URY,2006,2.94021836381562
6347,Uruguay,URY,2007,2.94336984508918
6348,Uruguay,URY,2008,2.94522374040347
6349,Uruguay,URY,2009,2.94759746996988
6350,Uruguay,URY,2010,2.95108432191152
6351,Uruguay,URY,2011,2.97244877908008
6352,Uruguay,URY,2012,3.01140762699154
6353,Uruguay,URY,2013,3.05517282282899
6354,Uruguay,URY,2014,3.0941355164262703
6355,Uruguay,URY,2015,3.11000399813915
6356,Uruguay,URY,2016,3.10433208713495
6357,Uruguay,URY,2017,3.09497617060916
6358,Uruguay,URY,2018,3.08695478787391
6359,Uruguay,URY,2019,3.07440392196804
6360,Uzbekistan,UZB,1990,3.45188815232829
6361,Uzbekistan,UZB,1991,3.44870588750359
6362,Uzbekistan,UZB,1992,3.44520430898856
6363,Uzbekistan,UZB,1993,3.44020379592449
6364,Uzbekistan,UZB,1994,3.4356640950899497
6365,Uzbekistan,UZB,1995,3.43219521511752
6366,Uzbekistan,UZB,1996,3.42712712386489
6367,Uzbekistan,UZB,1997,3.42032389127589
6368,Uzbekistan,UZB,1998,3.4135665670426203
6369,Uzbekistan,UZB,1999,3.40520416253903
6370,Uzbekistan,UZB,2000,3.40074138331636
6371,Uzbekistan,UZB,2001,3.3984476849785
6372,Uzbekistan,UZB,2002,3.3964217783075603
6373,Uzbekistan,UZB,2003,3.39600867795132
6374,Uzbekistan,UZB,2004,3.3921677608412795
6375,Uzbekistan,UZB,2005,3.38833021872344
6376,Uzbekistan,UZB,2006,3.3819008205098
6377,Uzbekistan,UZB,2007,3.36695403023424
6378,Uzbekistan,UZB,2008,3.35119012080436
6379,Uzbekistan,UZB,2009,3.33757362029861
6380,Uzbekistan,UZB,2010,3.3318120894384697
6381,Uzbekistan,UZB,2011,3.3339386393317705
6382,Uzbekistan,UZB,2012,3.3375913536703004
6383,Uzbekistan,UZB,2013,3.3418844672273305
6384,Uzbekistan,UZB,2014,3.34606027651306
6385,Uzbekistan,UZB,2015,3.35012862776251
6386,Uzbekistan,UZB,2016,3.3480722593532604
6387,Uzbekistan,UZB,2017,3.3455536517817297
6388,Uzbekistan,UZB,2018,3.3449062554364097
6389,Uzbekistan,UZB,2019,3.34360663243685
6390,Vanuatu,VUT,1990,3.1354344411903696
6391,Vanuatu,VUT,1991,3.13675119102289
6392,Vanuatu,VUT,1992,3.13742023325045
6393,Vanuatu,VUT,1993,3.1372440708071
6394,Vanuatu,VUT,1994,3.1379193569966697
6395,Vanuatu,VUT,1995,3.13587224383813
6396,Vanuatu,VUT,1996,3.13231919985544
6397,Vanuatu,VUT,1997,3.1268774712111904
6398,Vanuatu,VUT,1998,3.11960694182313
6399,Vanuatu,VUT,1999,3.11178466972212
6400,Vanuatu,VUT,2000,3.10560140027296
6401,Vanuatu,VUT,2001,3.10104790073955
6402,Vanuatu,VUT,2002,3.09645168739673
6403,Vanuatu,VUT,2003,3.09007968802132
6404,Vanuatu,VUT,2004,3.08638827738412
6405,Vanuatu,VUT,2005,3.08364753774106
6406,Vanuatu,VUT,2006,3.08109447858324
6407,Vanuatu,VUT,2007,3.07399386097107
6408,Vanuatu,VUT,2008,3.0698460116154
6409,Vanuatu,VUT,2009,3.0662223840685803
6410,Vanuatu,VUT,2010,3.06338730888511
6411,Vanuatu,VUT,2011,3.06220370133913
6412,Vanuatu,VUT,2012,3.05865141986314
6413,Vanuatu,VUT,2013,3.0552466566012098
6414,Vanuatu,VUT,2014,3.05223719419961
6415,Vanuatu,VUT,2015,3.05045720493782
6416,Vanuatu,VUT,2016,3.04955198487473
6417,Vanuatu,VUT,2017,3.04809252289831
6418,Vanuatu,VUT,2018,3.05265650402351
6419,Vanuatu,VUT,2019,3.06117945861347
6420,Venezuela,VEN,1990,3.27491269468217
6421,Venezuela,VEN,1991,3.28471140451616
6422,Venezuela,VEN,1992,3.29340226944262
6423,Venezuela,VEN,1993,3.3019797163727
6424,Venezuela,VEN,1994,3.3091875782831
6425,Venezuela,VEN,1995,3.31609641126527
6426,Venezuela,VEN,1996,3.3201026319582003
6427,Venezuela,VEN,1997,3.32074366897697
6428,Venezuela,VEN,1998,3.32125804908499
6429,Venezuela,VEN,1999,3.31946796606849
6430,Venezuela,VEN,2000,3.31900011435674
6431,Venezuela,VEN,2001,3.31920741131126
6432,Venezuela,VEN,2002,3.31602217902267
6433,Venezuela,VEN,2003,3.313439397645089
6434,Venezuela,VEN,2004,3.3123342820307897
6435,Venezuela,VEN,2005,3.31248153562829
6436,Venezuela,VEN,2006,3.3120320815684097
6437,Venezuela,VEN,2007,3.31297079333732
6438,Venezuela,VEN,2008,3.31564532399146
6439,Venezuela,VEN,2009,3.3176877896290904
6440,Venezuela,VEN,2010,3.32040786587325
6441,Venezuela,VEN,2011,3.3238341622528
6442,Venezuela,VEN,2012,3.3283565173256404
6443,Venezuela,VEN,2013,3.3332469830933604
6444,Venezuela,VEN,2014,3.33877448107703
6445,Venezuela,VEN,2015,3.34143978318577
6446,Venezuela,VEN,2016,3.34757440670393
6447,Venezuela,VEN,2017,3.3550082629645104
6448,Venezuela,VEN,2018,3.36044414073418
6449,Venezuela,VEN,2019,3.36348115741085
6450,Vietnam,VNM,1990,2.6569326544249
6451,Vietnam,VNM,1991,2.64810609760748
6452,Vietnam,VNM,1992,2.63960563969717
6453,Vietnam,VNM,1993,2.6323001173329903
6454,Vietnam,VNM,1994,2.62580458038091
6455,Vietnam,VNM,1995,2.62318788972092
6456,Vietnam,VNM,1996,2.62082915238681
6457,Vietnam,VNM,1997,2.62197616810751
6458,Vietnam,VNM,1998,2.62676101169723
6459,Vietnam,VNM,1999,2.62962131339235
6460,Vietnam,VNM,2000,2.62984118868365
6461,Vietnam,VNM,2001,2.6282500322605
6462,Vietnam,VNM,2002,2.62595914442894
6463,Vietnam,VNM,2003,2.6229861711733
6464,Vietnam,VNM,2004,2.61930317128091
6465,Vietnam,VNM,2005,2.61504271197307
6466,Vietnam,VNM,2006,2.61111829717867
6467,Vietnam,VNM,2007,2.60271874753392
6468,Vietnam,VNM,2008,2.59554370984808
6469,Vietnam,VNM,2009,2.58712847512712
6470,Vietnam,VNM,2010,2.5814492300958
6471,Vietnam,VNM,2011,2.57644648277349
6472,Vietnam,VNM,2012,2.57445855954488
6473,Vietnam,VNM,2013,2.57469349005066
6474,Vietnam,VNM,2014,2.57464039935642
6475,Vietnam,VNM,2015,2.5753189910423
6476,Vietnam,VNM,2016,2.57729426989846
6477,Vietnam,VNM,2017,2.5795332178997
6478,Vietnam,VNM,2018,2.58132315328373
6479,Vietnam,VNM,2019,2.58315252290164
6480,Wales,,1990,4.87451551165964
6481,Wales,,1991,4.83734994815088
6482,Wales,,1992,4.8025173968309
6483,Wales,,1993,4.7738610115561
6484,Wales,,1994,4.75054418646969
6485,Wales,,1995,4.73123027421342
6486,Wales,,1996,4.72203386650064
6487,Wales,,1997,4.7099704785045
6488,Wales,,1998,4.70102027755566
6489,Wales,,1999,4.68885718589663
6490,Wales,,2000,4.67513522326146
6491,Wales,,2001,4.64335610822602
6492,Wales,,2002,4.59353547011686
6493,Wales,,2003,4.53485472129803
6494,Wales,,2004,4.4864102404328605
6495,Wales,,2005,4.4591295375863504
6496,Wales,,2006,4.447932903373579
6497,Wales,,2007,4.43998887894927
6498,Wales,,2008,4.43899665377292
6499,Wales,,2009,4.43749172092429
6500,Wales,,2010,4.43946962681272
6501,Wales,,2011,4.4482356359234
6502,Wales,,2012,4.46836798045932
6503,Wales,,2013,4.49213761803386
6504,Wales,,2014,4.51351152649005
6505,Wales,,2015,4.5247882431133
6506,Wales,,2016,4.5314703413496105
6507,Wales,,2017,4.53663107954183
6508,Wales,,2018,4.54138842293356
6509,Wales,,2019,4.54760072547812
6510,Western Pacific Region (WHO),,1990,2.9691773649890703
6511,Western Pacific Region (WHO),,1991,3.01024412834418
6512,Western Pacific Region (WHO),,1992,3.0418095756958903
6513,Western Pacific Region (WHO),,1993,3.06367963816549
6514,Western Pacific Region (WHO),,1994,3.07495694807647
6515,Western Pacific Region (WHO),,1995,3.07519391335373
6516,Western Pacific Region (WHO),,1996,3.05904665695038
6517,Western Pacific Region (WHO),,1997,3.02653854348849
6518,Western Pacific Region (WHO),,1998,2.98827398244973
6519,Western Pacific Region (WHO),,1999,2.95356842074622
6520,Western Pacific Region (WHO),,2000,2.93252141856437
6521,Western Pacific Region (WHO),,2001,2.92789156025919
6522,Western Pacific Region (WHO),,2002,2.93121131137535
6523,Western Pacific Region (WHO),,2003,2.93810324881477
6524,Western Pacific Region (WHO),,2004,2.94264605042427
6525,Western Pacific Region (WHO),,2005,2.93887455212729
6526,Western Pacific Region (WHO),,2006,2.92211182639429
6527,Western Pacific Region (WHO),,2007,2.89425380529559
6528,Western Pacific Region (WHO),,2008,2.86452271707764
6529,Western Pacific Region (WHO),,2009,2.84089517084609
6530,Western Pacific Region (WHO),,2010,2.83017843202345
6531,Western Pacific Region (WHO),,2011,2.83286353150607
6532,Western Pacific Region (WHO),,2012,2.84105570806559
6533,Western Pacific Region (WHO),,2013,2.85197092878051
6534,Western Pacific Region (WHO),,2014,2.86286298405422
6535,Western Pacific Region (WHO),,2015,2.8704490739133703
6536,Western Pacific Region (WHO),,2016,2.87091535089626
6537,Western Pacific Region (WHO),,2017,2.87076659411083
6538,Western Pacific Region (WHO),,2018,2.87074504865452
6539,Western Pacific Region (WHO),,2019,2.86636062489428
6540,World,OWID_WRL,1990,3.59996963109857
6541,World,OWID_WRL,1991,3.63780037455211
6542,World,OWID_WRL,1992,3.6701301294236703
6543,World,OWID_WRL,1993,3.69583206819252
6544,World,OWID_WRL,1994,3.71397380215844
6545,World,OWID_WRL,1995,3.722814976676
6546,World,OWID_WRL,1996,3.7234425524192303
6547,World,OWID_WRL,1997,3.71862284584874
6548,World,OWID_WRL,1998,3.7113101055193902
6549,World,OWID_WRL,1999,3.70468240318122
6550,World,OWID_WRL,2000,3.7013042054791
6551,World,OWID_WRL,2001,3.70402499118856
6552,World,OWID_WRL,2002,3.71054747327748
6553,World,OWID_WRL,2003,3.71844787066177
6554,World,OWID_WRL,2004,3.7248874059441897
6555,World,OWID_WRL,2005,3.72635011454903
6556,World,OWID_WRL,2006,3.70757679060064
6557,World,OWID_WRL,2007,3.6647427053258
6558,World,OWID_WRL,2008,3.61407006403753
6559,World,OWID_WRL,2009,3.57164462611253
6560,World,OWID_WRL,2010,3.55273178797201
6561,World,OWID_WRL,2011,3.5531573286991
6562,World,OWID_WRL,2012,3.5563332729042503
6563,World,OWID_WRL,2013,3.5611858724676897
6564,World,OWID_WRL,2014,3.56725541803607
6565,World,OWID_WRL,2015,3.57350459223299
6566,World,OWID_WRL,2016,3.57799960906829
6567,World,OWID_WRL,2017,3.58256933688568
6568,World,OWID_WRL,2018,3.58741344836853
6569,World,OWID_WRL,2019,3.59048715298197
6570,World Bank High Income,,1990,3.72877995681844
6571,World Bank High Income,,1991,3.74366582403831
6572,World Bank High Income,,1992,3.7615457127220897
6573,World Bank High Income,,1993,3.781519595994861
6574,World Bank High Income,,1994,3.8029066962819296
6575,World Bank High Income,,1995,3.82456772869899
6576,World Bank High Income,,1996,3.84948596434868
6577,World Bank High Income,,1997,3.87868005577326
6578,World Bank High Income,,1998,3.90780446769594
6579,World Bank High Income,,1999,3.9331331765003705
6580,World Bank High Income,,2000,3.94898065933084
6581,World Bank High Income,,2001,3.9547135103993
6582,World Bank High Income,,2002,3.95340377368772
6583,World Bank High Income,,2003,3.9486698935627
6584,World Bank High Income,,2004,3.94444770486488
6585,World Bank High Income,,2005,3.94378736178856
6586,World Bank High Income,,2006,3.9477426088835
6587,World Bank High Income,,2007,3.95371247758155
6588,World Bank High Income,,2008,3.9607818985197696
6589,World Bank High Income,,2009,3.96766011559287
6590,World Bank High Income,,2010,3.97293545731796
6591,World Bank High Income,,2011,3.97149509557802
6592,World Bank High Income,,2012,3.96241886417605
6593,World Bank High Income,,2013,3.95023700571107
6594,World Bank High Income,,2014,3.94034729447694
6595,World Bank High Income,,2015,3.93629093640076
6596,World Bank High Income,,2016,3.93388765160557
6597,World Bank High Income,,2017,3.93343332096783
6598,World Bank High Income,,2018,3.941923096620312
6599,World Bank High Income,,2019,3.9576195877883498
6600,World Bank Low Income,,1990,4.76218559758632
6601,World Bank Low Income,,1991,4.761837115375
6602,World Bank Low Income,,1992,4.761840866169529
6603,World Bank Low Income,,1993,4.75994020098745
6604,World Bank Low Income,,1994,4.76031141923735
6605,World Bank Low Income,,1995,4.76424719929778
6606,World Bank Low Income,,1996,4.7741597381591
6607,World Bank Low Income,,1997,4.7881619080107
6608,World Bank Low Income,,1998,4.80182058315669
6609,World Bank Low Income,,1999,4.81257936377944
6610,World Bank Low Income,,2000,4.81677846207126
6611,World Bank Low Income,,2001,4.81639796906655
6612,World Bank Low Income,,2002,4.8155549558996205
6613,World Bank Low Income,,2003,4.8125475983242
6614,World Bank Low Income,,2004,4.8089559888484406
6615,World Bank Low Income,,2005,4.804677473995049
6616,World Bank Low Income,,2006,4.7971889736738005
6617,World Bank Low Income,,2007,4.785799934719661
6618,World Bank Low Income,,2008,4.77247258982684
6619,World Bank Low Income,,2009,4.76133714343597
6620,World Bank Low Income,,2010,4.75455612539952
6621,World Bank Low Income,,2011,4.74867214076908
6622,World Bank Low Income,,2012,4.739840972957
6623,World Bank Low Income,,2013,4.7310108757282805
6624,World Bank Low Income,,2014,4.725106026429151
6625,World Bank Low Income,,2015,4.725853596070579
6626,World Bank Low Income,,2016,4.73240287463308
6627,World Bank Low Income,,2017,4.739772446927621
6628,World Bank Low Income,,2018,4.74983697993732
6629,World Bank Low Income,,2019,4.76360237752934
6630,World Bank Lower Middle Income,,1990,3.88221803737447
6631,World Bank Lower Middle Income,,1991,3.948515060510821
6632,World Bank Lower Middle Income,,1992,4.0056695845785
6633,World Bank Lower Middle Income,,1993,4.05085875146778
6634,World Bank Lower Middle Income,,1994,4.08055556038692
6635,World Bank Lower Middle Income,,1995,4.091058031465851
6636,World Bank Lower Middle Income,,1996,4.0873801746704
6637,World Bank Lower Middle Income,,1997,4.07874758563106
6638,World Bank Lower Middle Income,,1998,4.06877395740898
6639,World Bank Lower Middle Income,,1999,4.060527430049
6640,World Bank Lower Middle Income,,2000,4.05736259043471
6641,World Bank Lower Middle Income,,2001,4.06518209223614
6642,World Bank Lower Middle Income,,2002,4.08191044296429
6643,World Bank Lower Middle Income,,2003,4.10172133423364
6644,World Bank Lower Middle Income,,2004,4.11775916750591
6645,World Bank Lower Middle Income,,2005,4.12297001409299
6646,World Bank Lower Middle Income,,2006,4.08220523104165
6647,World Bank Lower Middle Income,,2007,3.98854241801154
6648,World Bank Lower Middle Income,,2008,3.87630700616417
6649,World Bank Lower Middle Income,,2009,3.78009086462905
6650,World Bank Lower Middle Income,,2010,3.7344141072966
6651,World Bank Lower Middle Income,,2011,3.72717732906057
6652,World Bank Lower Middle Income,,2012,3.72349093882859
6653,World Bank Lower Middle Income,,2013,3.7221962954251895
6654,World Bank Lower Middle Income,,2014,3.72290452224308
6655,World Bank Lower Middle Income,,2015,3.72457007359542
6656,World Bank Lower Middle Income,,2016,3.72556308888021
6657,World Bank Lower Middle Income,,2017,3.7268142382848097
6658,World Bank Lower Middle Income,,2018,3.72638425008496
6659,World Bank Lower Middle Income,,2019,3.72257750156474
6660,World Bank Upper Middle Income,,1990,3.34148561551404
6661,World Bank Upper Middle Income,,1991,3.3773352903357
6662,World Bank Upper Middle Income,,1992,3.40533061321563
6663,World Bank Upper Middle Income,,1993,3.42563357607034
6664,World Bank Upper Middle Income,,1994,3.43798175460259
6665,World Bank Upper Middle Income,,1995,3.44164424171514
6666,World Bank Upper Middle Income,,1996,3.4343484860624303
6667,World Bank Upper Middle Income,,1997,3.41749323803503
6668,World Bank Upper Middle Income,,1998,3.39707503312829
6669,World Bank Upper Middle Income,,1999,3.3785862245558897
6670,World Bank Upper Middle Income,,2000,3.36743251783137
6671,World Bank Upper Middle Income,,2001,3.365894667348749
6672,World Bank Upper Middle Income,,2002,3.37067063618463
6673,World Bank Upper Middle Income,,2003,3.37806056463605
6674,World Bank Upper Middle Income,,2004,3.3835684777014903
6675,World Bank Upper Middle Income,,2005,3.3825178552206903
6676,World Bank Upper Middle Income,,2006,3.36753855860772
6677,World Bank Upper Middle Income,,2007,3.3394705086481604
6678,World Bank Upper Middle Income,,2008,3.30841652760209
6679,World Bank Upper Middle Income,,2009,3.2837539354751604
6680,World Bank Upper Middle Income,,2010,3.2735433023575102
6681,World Bank Upper Middle Income,,2011,3.27875777404028
6682,World Bank Upper Middle Income,,2012,3.2908748437003
6683,World Bank Upper Middle Income,,2013,3.30594924099903
6684,World Bank Upper Middle Income,,2014,3.32020667225408
6685,World Bank Upper Middle Income,,2015,3.3297204981008
6686,World Bank Upper Middle Income,,2016,3.33157883530621
6687,World Bank Upper Middle Income,,2017,3.33205888302036
6688,World Bank Upper Middle Income,,2018,3.33041259945492
6689,World Bank Upper Middle Income,,2019,3.32293277270655
6690,Yemen,YEM,1990,4.95089816059011
6691,Yemen,YEM,1991,4.96144519460045
6692,Yemen,YEM,1992,4.97206312262511
6693,Yemen,YEM,1993,4.97926014218993
6694,Yemen,YEM,1994,4.98745379348519
6695,Yemen,YEM,1995,4.992950180645
6696,Yemen,YEM,1996,4.9988925590481
6697,Yemen,YEM,1997,5.00900880831929
6698,Yemen,YEM,1998,5.01860100875424
6699,Yemen,YEM,1999,5.02906479803705
6700,Yemen,YEM,2000,5.03313648543066
6701,Yemen,YEM,2001,5.03370202108104
6702,Yemen,YEM,2002,5.034763396959511
6703,Yemen,YEM,2003,5.03324627048983
6704,Yemen,YEM,2004,5.03116862479531
6705,Yemen,YEM,2005,5.02918419726366
6706,Yemen,YEM,2006,5.029162200160879
6707,Yemen,YEM,2007,5.02608841273747
6708,Yemen,YEM,2008,5.02603441622172
6709,Yemen,YEM,2009,5.02471669197297
6710,Yemen,YEM,2010,5.02451081805057
6711,Yemen,YEM,2011,5.02606402982623
6712,Yemen,YEM,2012,5.028264151176
6713,Yemen,YEM,2013,5.03099355260682
6714,Yemen,YEM,2014,5.03372185847616
6715,Yemen,YEM,2015,5.03589298727614
6716,Yemen,YEM,2016,5.03012508484882
6717,Yemen,YEM,2017,5.02106822488462
6718,Yemen,YEM,2018,5.02679275745347
6719,Yemen,YEM,2019,5.0419758984029
6720,Zambia,ZMB,1990,4.25151200768156
6721,Zambia,ZMB,1991,4.264936057588519
6722,Zambia,ZMB,1992,4.27584759727703
6723,Zambia,ZMB,1993,4.28276046310062
6724,Zambia,ZMB,1994,4.28728204589729
6725,Zambia,ZMB,1995,4.29022442308758
6726,Zambia,ZMB,1996,4.2852791419428
6727,Zambia,ZMB,1997,4.2687626945835095
6728,Zambia,ZMB,1998,4.25003851784959
6729,Zambia,ZMB,1999,4.23162718645626
6730,Zambia,ZMB,2000,4.2214827226761
6731,Zambia,ZMB,2001,4.219698782221211
6732,Zambia,ZMB,2002,4.2223058631013295
6733,Zambia,ZMB,2003,4.22612126935025
6734,Zambia,ZMB,2004,4.226834228623559
6735,Zambia,ZMB,2005,4.22511165641197
6736,Zambia,ZMB,2006,4.21526613777275
6737,Zambia,ZMB,2007,4.19743990618262
6738,Zambia,ZMB,2008,4.17736007480457
6739,Zambia,ZMB,2009,4.15986355112326
6740,Zambia,ZMB,2010,4.15067120575344
6741,Zambia,ZMB,2011,4.15954659362333
6742,Zambia,ZMB,2012,4.18464314259756
6743,Zambia,ZMB,2013,4.2176883945393495
6744,Zambia,ZMB,2014,4.24750767894115
6745,Zambia,ZMB,2015,4.26602629295955
6746,Zambia,ZMB,2016,4.27882552674499
6747,Zambia,ZMB,2017,4.28963441238439
6748,Zambia,ZMB,2018,4.2958020491836
6749,Zambia,ZMB,2019,4.30170915233763
6750,Zimbabwe,ZWE,1990,3.38517912826599
6751,Zimbabwe,ZWE,1991,3.3948975978495404
6752,Zimbabwe,ZWE,1992,3.40176582808525
6753,Zimbabwe,ZWE,1993,3.4074872946718
6754,Zimbabwe,ZWE,1994,3.41102744989922
6755,Zimbabwe,ZWE,1995,3.41629856787795
6756,Zimbabwe,ZWE,1996,3.4172272963746195
6757,Zimbabwe,ZWE,1997,3.4126832016496205
6758,Zimbabwe,ZWE,1998,3.40631208530583
6759,Zimbabwe,ZWE,1999,3.4040208036012003
6760,Zimbabwe,ZWE,2000,3.40607647721262
6761,Zimbabwe,ZWE,2001,3.41656922737218
6762,Zimbabwe,ZWE,2002,3.42993397484918
6763,Zimbabwe,ZWE,2003,3.4453381596632
6764,Zimbabwe,ZWE,2004,3.457496864846
6765,Zimbabwe,ZWE,2005,3.465177820973
6766,Zimbabwe,ZWE,2006,3.4652080259207
6767,Zimbabwe,ZWE,2007,3.46103140651307
6768,Zimbabwe,ZWE,2008,3.45521218605548
6769,Zimbabwe,ZWE,2009,3.44821639030152
6770,Zimbabwe,ZWE,2010,3.44712684975155
6771,Zimbabwe,ZWE,2011,3.45740612009754
6772,Zimbabwe,ZWE,2012,3.4805995458503105
6773,Zimbabwe,ZWE,2013,3.50853402196182
6774,Zimbabwe,ZWE,2014,3.5337366020892698
6775,Zimbabwe,ZWE,2015,3.54861302430523
6776,Zimbabwe,ZWE,2016,3.55750832423058
6777,Zimbabwe,ZWE,2017,3.56413764553842
6778,Zimbabwe,ZWE,2018,3.5631412594667804
6779,Zimbabwe,ZWE,2019,3.55457086597215
