,Entity,Code,Year,Prevalence - Mental disorders - Sex: Both - Age: Age-standardized (Percent)
0,Afghanistan,AFG,1990,16.65922900929107
1,Afghanistan,AFG,1991,16.76505205431349
2,Afghanistan,AFG,1992,16.874468701187027
3,Afghanistan,AFG,1993,16.99072036863918
4,Afghanistan,AFG,1994,17.11273007590494
5,Afghanistan,AFG,1995,17.23630679206331
6,Afghanistan,AFG,1996,17.39030145997863
7,Afghanistan,AFG,1997,17.57097989936671
8,Afghanistan,AFG,1998,17.74816860062934
9,Afghanistan,AFG,1999,17.88163135469398
10,Afghanistan,AFG,2000,17.93926927393828
11,Afghanistan,AFG,2001,17.933525004544553
12,Afghanistan,AFG,2002,17.91654686478037
13,Afghanistan,AFG,2003,17.88970241777898
14,Afghanistan,AFG,2004,17.85990320792294
15,Afghanistan,AFG,2005,17.82428705025902
16,Afghanistan,AFG,2006,17.77296359703334
17,Afghanistan,AFG,2007,17.68658589341464
18,Afghanistan,AFG,2008,17.581372236802608
19,Afghanistan,AFG,2009,17.48152902997547
20,Afghanistan,AFG,2010,17.39516846483154
21,Afghanistan,AFG,2011,17.32030518917141
22,Afghanistan,AFG,2012,17.25502932579598
23,Afghanistan,AFG,2013,17.19881130454552
24,Afghanistan,AFG,2014,17.15369385245716
25,Afghanistan,AFG,2015,17.125415531764528
26,Afghanistan,AFG,2016,17.11012867708574
27,Afghanistan,AFG,2017,17.103263301715398
28,Afghanistan,AFG,2018,17.10424437055579
29,Afghanistan,AFG,2019,17.11761173310941
30,African Region (WHO),,1990,12.41119132463074
31,African Region (WHO),,1991,12.41339120905132
32,African Region (WHO),,1992,12.41523944890774
33,African Region (WHO),,1993,12.41794381676544
34,African Region (WHO),,1994,12.42370678170878
35,African Region (WHO),,1995,12.430514378051033
36,African Region (WHO),,1996,12.446811375324849
37,African Region (WHO),,1997,12.47470198855417
38,African Region (WHO),,1998,12.50407830271465
39,African Region (WHO),,1999,12.52844909208748
40,African Region (WHO),,2000,12.53742157291807
41,African Region (WHO),,2001,12.53328822874449
42,African Region (WHO),,2002,12.5236959840502
43,African Region (WHO),,2003,12.5116528807424
44,African Region (WHO),,2004,12.49849243317794
45,African Region (WHO),,2005,12.48525091814676
46,African Region (WHO),,2006,12.46963556888427
47,African Region (WHO),,2007,12.447663191833309
48,African Region (WHO),,2008,12.42105057539057
49,African Region (WHO),,2009,12.39286331348388
50,African Region (WHO),,2010,12.36421222940271
51,African Region (WHO),,2011,12.33181876241876
52,African Region (WHO),,2012,12.295057560327413
53,African Region (WHO),,2013,12.25881000894483
54,African Region (WHO),,2014,12.23032135264314
55,African Region (WHO),,2015,12.215227335451653
56,African Region (WHO),,2016,12.21721556535921
57,African Region (WHO),,2017,12.22118726523208
58,African Region (WHO),,2018,12.21776718787897
59,African Region (WHO),,2019,12.21142442452302
60,Albania,ALB,1990,11.52880687188354
61,Albania,ALB,1991,11.57774518946581
62,Albania,ALB,1992,11.61963017765792
63,Albania,ALB,1993,11.65594488198332
64,Albania,ALB,1994,11.68245182545508
65,Albania,ALB,1995,11.70099757358475
66,Albania,ALB,1996,11.71131634185639
67,Albania,ALB,1997,11.71594316657066
68,Albania,ALB,1998,11.717010785456887
69,Albania,ALB,1999,11.7189744156243
70,Albania,ALB,2000,11.71942648972776
71,Albania,ALB,2001,11.71102791202426
72,Albania,ALB,2002,11.70261700758612
73,Albania,ALB,2003,11.69014503184048
74,Albania,ALB,2004,11.67775187771095
75,Albania,ALB,2005,11.65937289884377
76,Albania,ALB,2006,11.63877334390668
77,Albania,ALB,2007,11.62024692650258
78,Albania,ALB,2008,11.602412077886813
79,Albania,ALB,2009,11.58498668060356
80,Albania,ALB,2010,11.56868845256158
81,Albania,ALB,2011,11.5665759338213
82,Albania,ALB,2012,11.57076045424944
83,Albania,ALB,2013,11.57598584093258
84,Albania,ALB,2014,11.57874325627064
85,Albania,ALB,2015,11.57676344158347
86,Albania,ALB,2016,11.56444277958855
87,Albania,ALB,2017,11.548472614716433
88,Albania,ALB,2018,11.54789863353455
89,Albania,ALB,2019,11.55843098896931
90,Algeria,DZA,1990,14.95102043349888
91,Algeria,DZA,1991,14.96408064721748
92,Algeria,DZA,1992,14.97028024529993
93,Algeria,DZA,1993,14.98066600862311
94,Algeria,DZA,1994,14.98511991739228
95,Algeria,DZA,1995,14.98511157236711
96,Algeria,DZA,1996,14.98273227036605
97,Algeria,DZA,1997,14.97893414276747
98,Algeria,DZA,1998,14.97609531913507
99,Algeria,DZA,1999,14.974354485179688
100,Algeria,DZA,2000,14.96918823607559
101,Algeria,DZA,2001,14.9562976090436
102,Algeria,DZA,2002,14.93109525358257
103,Algeria,DZA,2003,14.904491974516072
104,Algeria,DZA,2004,14.87228484302989
105,Algeria,DZA,2005,14.844241061084787
106,Algeria,DZA,2006,14.8164240899919
107,Algeria,DZA,2007,14.78435954215652
108,Algeria,DZA,2008,14.750993542695632
109,Algeria,DZA,2009,14.72392709675483
110,Algeria,DZA,2010,14.70733652917198
111,Algeria,DZA,2011,14.702434481091812
112,Algeria,DZA,2012,14.71024322058784
113,Algeria,DZA,2013,14.72579325123602
114,Algeria,DZA,2014,14.737724909462848
115,Algeria,DZA,2015,14.73865727004338
116,Algeria,DZA,2016,14.722310221546287
117,Algeria,DZA,2017,14.71085255805818
118,Algeria,DZA,2018,14.73403927744812
119,Algeria,DZA,2019,14.78293096447923
120,American Samoa,ASM,1990,11.11867017954016
121,American Samoa,ASM,1991,11.11216288116516
122,American Samoa,ASM,1992,11.10838815196747
123,American Samoa,ASM,1993,11.1058442411383
124,American Samoa,ASM,1994,11.10330644552967
125,American Samoa,ASM,1995,11.10315117385893
126,American Samoa,ASM,1996,11.10730321668958
127,American Samoa,ASM,1997,11.11312315723374
128,American Samoa,ASM,1998,11.119874399557569
129,American Samoa,ASM,1999,11.124080845825253
130,American Samoa,ASM,2000,11.12753028773717
131,American Samoa,ASM,2001,11.12640492213822
132,American Samoa,ASM,2002,11.12705763849895
133,American Samoa,ASM,2003,11.12637313504761
134,American Samoa,ASM,2004,11.1268365326045
135,American Samoa,ASM,2005,11.12427596530787
136,American Samoa,ASM,2006,11.12911757608388
137,American Samoa,ASM,2007,11.13586528786064
138,American Samoa,ASM,2008,11.14638251842836
139,American Samoa,ASM,2009,11.15710384664934
140,American Samoa,ASM,2010,11.16550962412659
141,American Samoa,ASM,2011,11.17687896640957
142,American Samoa,ASM,2012,11.18838716484104
143,American Samoa,ASM,2013,11.19932642877909
144,American Samoa,ASM,2014,11.21047392763636
145,American Samoa,ASM,2015,11.21258879843744
146,American Samoa,ASM,2016,11.20181672248888
147,American Samoa,ASM,2017,11.1916949149181
148,American Samoa,ASM,2018,11.20812878760909
149,American Samoa,ASM,2019,11.24102802924061
150,Andorra,AND,1990,15.38042198220321
151,Andorra,AND,1991,15.38223175985419
152,Andorra,AND,1992,15.391817237408253
153,Andorra,AND,1993,15.39107175134349
154,Andorra,AND,1994,15.40108002750506
155,Andorra,AND,1995,15.41329685927017
156,Andorra,AND,1996,15.416534956519632
157,Andorra,AND,1997,15.41755614684061
158,Andorra,AND,1998,15.41394270090234
159,Andorra,AND,1999,15.40769824932496
160,Andorra,AND,2000,15.40926176827408
161,Andorra,AND,2001,15.418618201843753
162,Andorra,AND,2002,15.41885176974871
163,Andorra,AND,2003,15.42243461174342
164,Andorra,AND,2004,15.4124836957041
165,Andorra,AND,2005,15.41437076875575
166,Andorra,AND,2006,15.407457363366287
167,Andorra,AND,2007,15.39439310360402
168,Andorra,AND,2008,15.378264124904709
169,Andorra,AND,2009,15.364443226881692
170,Andorra,AND,2010,15.35970564956625
171,Andorra,AND,2011,15.39149516918668
172,Andorra,AND,2012,15.409718703575988
173,Andorra,AND,2013,15.43211074210758
174,Andorra,AND,2014,15.447613238574071
175,Andorra,AND,2015,15.45265466472988
176,Andorra,AND,2016,15.45086185020454
177,Andorra,AND,2017,15.44681411274074
178,Andorra,AND,2018,15.46192734759973
179,Andorra,AND,2019,15.49529358892542
180,Angola,AGO,1990,13.59330967951895
181,Angola,AGO,1991,13.61367025128771
182,Angola,AGO,1992,13.629716480002548
183,Angola,AGO,1993,13.64429110104154
184,Angola,AGO,1994,13.655427472558609
185,Angola,AGO,1995,13.662920744540068
186,Angola,AGO,1996,13.6653277336034
187,Angola,AGO,1997,13.664358041000572
188,Angola,AGO,1998,13.659116101022509
189,Angola,AGO,1999,13.6578374689102
190,Angola,AGO,2000,13.6546319288648
191,Angola,AGO,2001,13.6437432798313
192,Angola,AGO,2002,13.62604096385305
193,Angola,AGO,2003,13.603534368994447
194,Angola,AGO,2004,13.57687666961693
195,Angola,AGO,2005,13.5533740299644
196,Angola,AGO,2006,13.52676871964412
197,Angola,AGO,2007,13.49573211676279
198,Angola,AGO,2008,13.45607185547015
199,Angola,AGO,2009,13.42260648263249
200,Angola,AGO,2010,13.398892157094547
201,Angola,AGO,2011,13.38231770364966
202,Angola,AGO,2012,13.36720648042088
203,Angola,AGO,2013,13.35196824782083
204,Angola,AGO,2014,13.34571116474613
205,Angola,AGO,2015,13.34620193459668
206,Angola,AGO,2016,13.35190923207373
207,Angola,AGO,2017,13.35861705745614
208,Angola,AGO,2018,13.353600685694488
209,Angola,AGO,2019,13.33846811117294
210,Antigua and Barbuda,ATG,1990,14.02944879475974
211,Antigua and Barbuda,ATG,1991,13.98449167268892
212,Antigua and Barbuda,ATG,1992,13.94518180461531
213,Antigua and Barbuda,ATG,1993,13.91560108547881
214,Antigua and Barbuda,ATG,1994,13.89428756337376
215,Antigua and Barbuda,ATG,1995,13.88616294315875
216,Antigua and Barbuda,ATG,1996,13.89255092222774
217,Antigua and Barbuda,ATG,1997,13.902910280616098
218,Antigua and Barbuda,ATG,1998,13.91815740452512
219,Antigua and Barbuda,ATG,1999,13.92957648054804
220,Antigua and Barbuda,ATG,2000,13.93589685575471
221,Antigua and Barbuda,ATG,2001,13.94223100149804
222,Antigua and Barbuda,ATG,2002,13.94824701639239
223,Antigua and Barbuda,ATG,2003,13.951554877636893
224,Antigua and Barbuda,ATG,2004,13.954201339547758
225,Antigua and Barbuda,ATG,2005,13.95113104046932
226,Antigua and Barbuda,ATG,2006,13.948680247065958
227,Antigua and Barbuda,ATG,2007,13.939356533931498
228,Antigua and Barbuda,ATG,2008,13.929131438023552
229,Antigua and Barbuda,ATG,2009,13.92502581224156
230,Antigua and Barbuda,ATG,2010,13.92766651217327
231,Antigua and Barbuda,ATG,2011,13.94474708578281
232,Antigua and Barbuda,ATG,2012,13.97471611285989
233,Antigua and Barbuda,ATG,2013,14.009365903804849
234,Antigua and Barbuda,ATG,2014,14.041716215695068
235,Antigua and Barbuda,ATG,2015,14.06148127986227
236,Antigua and Barbuda,ATG,2016,14.06277177302166
237,Antigua and Barbuda,ATG,2017,14.06152788539408
238,Antigua and Barbuda,ATG,2018,14.102881319158032
239,Antigua and Barbuda,ATG,2019,14.17751299809818
240,Argentina,ARG,1990,13.73576659088697
241,Argentina,ARG,1991,13.74599575311422
242,Argentina,ARG,1992,13.75763336398384
243,Argentina,ARG,1993,13.76997212703218
244,Argentina,ARG,1994,13.78094713504882
245,Argentina,ARG,1995,13.784979809871
246,Argentina,ARG,1996,13.792123094297551
247,Argentina,ARG,1997,13.79887310549547
248,Argentina,ARG,1998,13.80857612695886
249,Argentina,ARG,1999,13.81458777124425
250,Argentina,ARG,2000,13.821448896945048
251,Argentina,ARG,2001,13.83553357319238
252,Argentina,ARG,2002,13.85481565729271
253,Argentina,ARG,2003,13.877456987373929
254,Argentina,ARG,2004,13.896851014409531
255,Argentina,ARG,2005,13.90280753674839
256,Argentina,ARG,2006,13.8613327934738
257,Argentina,ARG,2007,13.75563364196263
258,Argentina,ARG,2008,13.63675112624552
259,Argentina,ARG,2009,13.53768291145206
260,Argentina,ARG,2010,13.50099212302489
261,Argentina,ARG,2011,13.509212121089709
262,Argentina,ARG,2012,13.52482420827926
263,Argentina,ARG,2013,13.54709644658961
264,Argentina,ARG,2014,13.56467278333618
265,Argentina,ARG,2015,13.57899172719062
266,Argentina,ARG,2016,13.59060028095648
267,Argentina,ARG,2017,13.59725185671997
268,Argentina,ARG,2018,13.600910623225
269,Argentina,ARG,2019,13.595222597372992
270,Armenia,ARM,1990,11.27448692924341
271,Armenia,ARM,1991,11.31506323379773
272,Armenia,ARM,1992,11.35926604535134
273,Armenia,ARM,1993,11.39542026900635
274,Armenia,ARM,1994,11.43387158945783
275,Armenia,ARM,1995,11.46458538652995
276,Armenia,ARM,1996,11.49900316158216
277,Armenia,ARM,1997,11.53923220458643
278,Armenia,ARM,1998,11.58556116470034
279,Armenia,ARM,1999,11.62177243699678
280,Armenia,ARM,2000,11.64403468256005
281,Armenia,ARM,2001,11.64780468142138
282,Armenia,ARM,2002,11.62786764127827
283,Armenia,ARM,2003,11.59000050233793
284,Armenia,ARM,2004,11.55327195062414
285,Armenia,ARM,2005,11.51880762100615
286,Armenia,ARM,2006,11.48671766590574
287,Armenia,ARM,2007,11.44830740313135
288,Armenia,ARM,2008,11.41498022263862
289,Armenia,ARM,2009,11.3834290585682
290,Armenia,ARM,2010,11.36305550378274
291,Armenia,ARM,2011,11.355047896695671
292,Armenia,ARM,2012,11.35593368376138
293,Armenia,ARM,2013,11.36323976345529
294,Armenia,ARM,2014,11.36819230924115
295,Armenia,ARM,2015,11.370858858024
296,Armenia,ARM,2016,11.36776115763246
297,Armenia,ARM,2017,11.36580778575831
298,Armenia,ARM,2018,11.36941329516193
299,Armenia,ARM,2019,11.3801333584617
300,Australia,AUS,1990,18.69276897210991
301,Australia,AUS,1991,18.70303666294613
302,Australia,AUS,1992,18.70723986594005
303,Australia,AUS,1993,18.70673446338289
304,Australia,AUS,1994,18.69588489642135
305,Australia,AUS,1995,18.68783058053554
306,Australia,AUS,1996,18.63209861180565
307,Australia,AUS,1997,18.52242275920365
308,Australia,AUS,1998,18.40686583321902
309,Australia,AUS,1999,18.32781899397739
310,Australia,AUS,2000,18.32251720636425
311,Australia,AUS,2001,18.44712647157251
312,Australia,AUS,2002,18.68995962182585
313,Australia,AUS,2003,18.96608915832132
314,Australia,AUS,2004,19.20550544142387
315,Australia,AUS,2005,19.32192865456372
316,Australia,AUS,2006,19.33652367122582
317,Australia,AUS,2007,19.33635930963517
318,Australia,AUS,2008,19.32798091128679
319,Australia,AUS,2009,19.30817917947452
320,Australia,AUS,2010,19.29116595095266
321,Australia,AUS,2011,19.25274013068823
322,Australia,AUS,2012,19.19034628205202
323,Australia,AUS,2013,19.11716171078027
324,Australia,AUS,2014,19.04866076731275
325,Australia,AUS,2015,19.01232760508897
326,Australia,AUS,2016,18.97665826149301
327,Australia,AUS,2017,18.96159235184795
328,Australia,AUS,2018,19.072542705511943
329,Australia,AUS,2019,19.34792341064152
330,Austria,AUT,1990,15.937806863934
331,Austria,AUT,1991,15.96339872269518
332,Austria,AUT,1992,15.97752463572867
333,Austria,AUT,1993,15.985669521851332
334,Austria,AUT,1994,15.98131066538554
335,Austria,AUT,1995,15.9713587920008
336,Austria,AUT,1996,15.94500912905973
337,Austria,AUT,1997,15.900503082676378
338,Austria,AUT,1998,15.84563001362261
339,Austria,AUT,1999,15.79446314018918
340,Austria,AUT,2000,15.75734705839133
341,Austria,AUT,2001,15.734339981790068
342,Austria,AUT,2002,15.7161065753399
343,Austria,AUT,2003,15.69919205376498
344,Austria,AUT,2004,15.68387169978166
345,Austria,AUT,2005,15.67152569682877
346,Austria,AUT,2006,15.66054248247848
347,Austria,AUT,2007,15.65592114339282
348,Austria,AUT,2008,15.65331075627274
349,Austria,AUT,2009,15.65627971985263
350,Austria,AUT,2010,15.658216114626718
351,Austria,AUT,2011,15.67044491733752
352,Austria,AUT,2012,15.6875148030548
353,Austria,AUT,2013,15.71268920369346
354,Austria,AUT,2014,15.731147891559468
355,Austria,AUT,2015,15.744869355640231
356,Austria,AUT,2016,15.766658364190253
357,Austria,AUT,2017,15.78937209057142
358,Austria,AUT,2018,15.80062018119572
359,Austria,AUT,2019,15.81647796167553
360,Azerbaijan,AZE,1990,10.48504746159884
361,Azerbaijan,AZE,1991,10.49401893300272
362,Azerbaijan,AZE,1992,10.51019487054511
363,Azerbaijan,AZE,1993,10.53414643343643
364,Azerbaijan,AZE,1994,10.56453140644411
365,Azerbaijan,AZE,1995,10.60328651360914
366,Azerbaijan,AZE,1996,10.66320067757931
367,Azerbaijan,AZE,1997,10.73941221978131
368,Azerbaijan,AZE,1998,10.81970268238822
369,Azerbaijan,AZE,1999,10.88116555031054
370,Azerbaijan,AZE,2000,10.909192837653553
371,Azerbaijan,AZE,2001,10.91159650320284
372,Azerbaijan,AZE,2002,10.90374341040937
373,Azerbaijan,AZE,2003,10.88950912744264
374,Azerbaijan,AZE,2004,10.86826529955187
375,Azerbaijan,AZE,2005,10.83671229944661
376,Azerbaijan,AZE,2006,10.78134474252784
377,Azerbaijan,AZE,2007,10.6975319267728
378,Azerbaijan,AZE,2008,10.60736060334005
379,Azerbaijan,AZE,2009,10.52698375874816
380,Azerbaijan,AZE,2010,10.4760699484867
381,Azerbaijan,AZE,2011,10.45373450624248
382,Azerbaijan,AZE,2012,10.43843802040762
383,Azerbaijan,AZE,2013,10.42578730128113
384,Azerbaijan,AZE,2014,10.42278410997143
385,Azerbaijan,AZE,2015,10.41485506542512
386,Azerbaijan,AZE,2016,10.40147757298539
387,Azerbaijan,AZE,2017,10.39034471579925
388,Azerbaijan,AZE,2018,10.39746285036543
389,Azerbaijan,AZE,2019,10.42222905497398
390,Bahamas,BHS,1990,14.041812091404047
391,Bahamas,BHS,1991,14.0138163483029
392,Bahamas,BHS,1992,13.98780173583179
393,Bahamas,BHS,1993,13.96819524844122
394,Bahamas,BHS,1994,13.952442442463887
395,Bahamas,BHS,1995,13.95329433373708
396,Bahamas,BHS,1996,13.96133005773805
397,Bahamas,BHS,1997,13.97140247068564
398,Bahamas,BHS,1998,13.98597907898606
399,Bahamas,BHS,1999,13.996069954881
400,Bahamas,BHS,2000,14.00370798488051
401,Bahamas,BHS,2001,14.00400973353462
402,Bahamas,BHS,2002,13.99974771864167
403,Bahamas,BHS,2003,13.995993387460109
404,Bahamas,BHS,2004,13.99279931325598
405,Bahamas,BHS,2005,13.987408397667938
406,Bahamas,BHS,2006,13.98421369583052
407,Bahamas,BHS,2007,13.97655485225924
408,Bahamas,BHS,2008,13.96975004073168
409,Bahamas,BHS,2009,13.96813871482053
410,Bahamas,BHS,2010,13.970098688941553
411,Bahamas,BHS,2011,13.98359958006508
412,Bahamas,BHS,2012,14.00731890769208
413,Bahamas,BHS,2013,14.03200105842883
414,Bahamas,BHS,2014,14.05604682594705
415,Bahamas,BHS,2015,14.07087435644036
416,Bahamas,BHS,2016,14.06912834792656
417,Bahamas,BHS,2017,14.06645948990798
418,Bahamas,BHS,2018,14.09912411060299
419,Bahamas,BHS,2019,14.16006286677834
420,Bahrain,BHR,1990,15.159422997212747
421,Bahrain,BHR,1991,15.16610325802574
422,Bahrain,BHR,1992,15.178855799424651
423,Bahrain,BHR,1993,15.19272016307646
424,Bahrain,BHR,1994,15.20056236246574
425,Bahrain,BHR,1995,15.20065101938556
426,Bahrain,BHR,1996,15.185225112290729
427,Bahrain,BHR,1997,15.16522401797964
428,Bahrain,BHR,1998,15.13512410451357
429,Bahrain,BHR,1999,15.10839050374849
430,Bahrain,BHR,2000,15.086606394960947
431,Bahrain,BHR,2001,15.06927471953056
432,Bahrain,BHR,2002,15.03371705852655
433,Bahrain,BHR,2003,14.98388620096238
434,Bahrain,BHR,2004,14.92846559838941
435,Bahrain,BHR,2005,14.874139808004491
436,Bahrain,BHR,2006,14.83130318045304
437,Bahrain,BHR,2007,14.80343787004631
438,Bahrain,BHR,2008,14.78430179867144
439,Bahrain,BHR,2009,14.76361919998365
440,Bahrain,BHR,2010,14.73131591291377
441,Bahrain,BHR,2011,14.69786094906023
442,Bahrain,BHR,2012,14.66613334217254
443,Bahrain,BHR,2013,14.63591655554097
444,Bahrain,BHR,2014,14.60746941519935
445,Bahrain,BHR,2015,14.58393017769218
446,Bahrain,BHR,2016,14.550668007283091
447,Bahrain,BHR,2017,14.52720025796739
448,Bahrain,BHR,2018,14.53889342711491
449,Bahrain,BHR,2019,14.57068682037371
450,Bangladesh,BGD,1990,13.50223568045347
451,Bangladesh,BGD,1991,13.40264436442515
452,Bangladesh,BGD,1992,13.30363438828692
453,Bangladesh,BGD,1993,13.21277660129264
454,Bangladesh,BGD,1994,13.12827016164514
455,Bangladesh,BGD,1995,13.057041668224253
456,Bangladesh,BGD,1996,12.99130463402117
457,Bangladesh,BGD,1997,12.924651144155169
458,Bangladesh,BGD,1998,12.85975024425276
459,Bangladesh,BGD,1999,12.7937154495489
460,Bangladesh,BGD,2000,12.729961419977858
461,Bangladesh,BGD,2001,12.69789222983751
462,Bangladesh,BGD,2002,12.7045422217112
463,Bangladesh,BGD,2003,12.72493136710426
464,Bangladesh,BGD,2004,12.72823942882359
465,Bangladesh,BGD,2005,12.69116985651381
466,Bangladesh,BGD,2006,12.59394506786948
467,Bangladesh,BGD,2007,12.4715502679461
468,Bangladesh,BGD,2008,12.33858467669205
469,Bangladesh,BGD,2009,12.22104911446391
470,Bangladesh,BGD,2010,12.13636002942045
471,Bangladesh,BGD,2011,12.078776029672431
472,Bangladesh,BGD,2012,12.02820546248287
473,Bangladesh,BGD,2013,11.97912353943241
474,Bangladesh,BGD,2014,11.93904072747043
475,Bangladesh,BGD,2015,11.8966766152384
476,Bangladesh,BGD,2016,11.86366652729794
477,Bangladesh,BGD,2017,11.833639221189433
478,Bangladesh,BGD,2018,11.811772972581
479,Bangladesh,BGD,2019,11.801304673787
480,Barbados,BRB,1990,14.19778317703747
481,Barbados,BRB,1991,14.17103473852124
482,Barbados,BRB,1992,14.14499869572328
483,Barbados,BRB,1993,14.13099154281016
484,Barbados,BRB,1994,14.120324257419009
485,Barbados,BRB,1995,14.11809007232093
486,Barbados,BRB,1996,14.11912460156862
487,Barbados,BRB,1997,14.128669897539089
488,Barbados,BRB,1998,14.13234588831811
489,Barbados,BRB,1999,14.13751294363454
490,Barbados,BRB,2000,14.14053734400176
491,Barbados,BRB,2001,14.14810374173085
492,Barbados,BRB,2002,14.155273148785971
493,Barbados,BRB,2003,14.16327429714879
494,Barbados,BRB,2004,14.172298926649852
495,Barbados,BRB,2005,14.176204208262568
496,Barbados,BRB,2006,14.17724205868682
497,Barbados,BRB,2007,14.182529293191932
498,Barbados,BRB,2008,14.183514929552448
499,Barbados,BRB,2009,14.1902386104185
500,Barbados,BRB,2010,14.19660596952487
501,Barbados,BRB,2011,14.21298925844122
502,Barbados,BRB,2012,14.24012639922081
503,Barbados,BRB,2013,14.267512119752451
504,Barbados,BRB,2014,14.29110139680984
505,Barbados,BRB,2015,14.31121874139252
506,Barbados,BRB,2016,14.317778242140038
507,Barbados,BRB,2017,14.317885870113612
508,Barbados,BRB,2018,14.34183652334907
509,Barbados,BRB,2019,14.383955115530789
510,Belarus,BLR,1990,12.800829437456528
511,Belarus,BLR,1991,12.83337967789701
512,Belarus,BLR,1992,12.86514920275306
513,Belarus,BLR,1993,12.89861892391123
514,Belarus,BLR,1994,12.92924522735504
515,Belarus,BLR,1995,12.960938198578232
516,Belarus,BLR,1996,13.00079272900147
517,Belarus,BLR,1997,13.04975493530266
518,Belarus,BLR,1998,13.098985108048812
519,Belarus,BLR,1999,13.139494287931692
520,Belarus,BLR,2000,13.16253841774068
521,Belarus,BLR,2001,13.16474564239604
522,Belarus,BLR,2002,13.157087005876008
523,Belarus,BLR,2003,13.136237626052772
524,Belarus,BLR,2004,13.110743754523698
525,Belarus,BLR,2005,13.07960790103057
526,Belarus,BLR,2006,13.03395084480658
527,Belarus,BLR,2007,12.96914205319681
528,Belarus,BLR,2008,12.89067244812288
529,Belarus,BLR,2009,12.82278177285406
530,Belarus,BLR,2010,12.774875983007112
531,Belarus,BLR,2011,12.74147680875114
532,Belarus,BLR,2012,12.71205576130228
533,Belarus,BLR,2013,12.68300652813422
534,Belarus,BLR,2014,12.66813412638842
535,Belarus,BLR,2015,12.656485258185498
536,Belarus,BLR,2016,12.64862836874121
537,Belarus,BLR,2017,12.64013231405004
538,Belarus,BLR,2018,12.6104759550271
539,Belarus,BLR,2019,12.56526282248056
540,Belgium,BEL,1990,14.72103804698979
541,Belgium,BEL,1991,14.71379014377914
542,Belgium,BEL,1992,14.70836005548235
543,Belgium,BEL,1993,14.70432548812777
544,Belgium,BEL,1994,14.70030919509679
545,Belgium,BEL,1995,14.69984954344416
546,Belgium,BEL,1996,14.69374310636394
547,Belgium,BEL,1997,14.67698736921339
548,Belgium,BEL,1998,14.65833283701706
549,Belgium,BEL,1999,14.650776926382589
550,Belgium,BEL,2000,14.66264775066202
551,Belgium,BEL,2001,14.68543563832968
552,Belgium,BEL,2002,14.71449524715888
553,Belgium,BEL,2003,14.739855678870988
554,Belgium,BEL,2004,14.76735320743968
555,Belgium,BEL,2005,14.79375106378485
556,Belgium,BEL,2006,14.831216497507372
557,Belgium,BEL,2007,14.88531960054598
558,Belgium,BEL,2008,14.942290740448971
559,Belgium,BEL,2009,14.990877372341572
560,Belgium,BEL,2010,15.01577647646108
561,Belgium,BEL,2011,15.023500908353702
562,Belgium,BEL,2012,15.0218927405984
563,Belgium,BEL,2013,15.0204902966791
564,Belgium,BEL,2014,15.01876277226841
565,Belgium,BEL,2015,15.01568911774433
566,Belgium,BEL,2016,15.00787237125864
567,Belgium,BEL,2017,15.00137868542655
568,Belgium,BEL,2018,14.98676208847509
569,Belgium,BEL,2019,14.964608019943071
570,Belize,BLZ,1990,14.176159023546331
571,Belize,BLZ,1991,14.15664636084631
572,Belize,BLZ,1992,14.13632264547105
573,Belize,BLZ,1993,14.12567475197688
574,Belize,BLZ,1994,14.12067852930182
575,Belize,BLZ,1995,14.11741762671696
576,Belize,BLZ,1996,14.12542827750656
577,Belize,BLZ,1997,14.138226084025728
578,Belize,BLZ,1998,14.158279178962871
579,Belize,BLZ,1999,14.170783961750413
580,Belize,BLZ,2000,14.18049577164978
581,Belize,BLZ,2001,14.18525078248159
582,Belize,BLZ,2002,14.184645425098113
583,Belize,BLZ,2003,14.18582341833202
584,Belize,BLZ,2004,14.18366173163686
585,Belize,BLZ,2005,14.184784546760271
586,Belize,BLZ,2006,14.18925366654176
587,Belize,BLZ,2007,14.193450413099882
588,Belize,BLZ,2008,14.19133116430852
589,Belize,BLZ,2009,14.19522079310166
590,Belize,BLZ,2010,14.20224982065468
591,Belize,BLZ,2011,14.213370792625271
592,Belize,BLZ,2012,14.230213987094158
593,Belize,BLZ,2013,14.250350934757767
594,Belize,BLZ,2014,14.26788212364645
595,Belize,BLZ,2015,14.27955427805726
596,Belize,BLZ,2016,14.287609309417778
597,Belize,BLZ,2017,14.2945006116128
598,Belize,BLZ,2018,14.306340857655888
599,Belize,BLZ,2019,14.32655399016709
600,Benin,BEN,1990,11.70076656120576
601,Benin,BEN,1991,11.7058456053723
602,Benin,BEN,1992,11.71235887667013
603,Benin,BEN,1993,11.71814985126762
604,Benin,BEN,1994,11.72203957042266
605,Benin,BEN,1995,11.72765025854873
606,Benin,BEN,1996,11.73546354764075
607,Benin,BEN,1997,11.74948970023925
608,Benin,BEN,1998,11.76226924360187
609,Benin,BEN,1999,11.77464331197741
610,Benin,BEN,2000,11.784567964622129
611,Benin,BEN,2001,11.79033212766519
612,Benin,BEN,2002,11.7869783938305
613,Benin,BEN,2003,11.78477818749273
614,Benin,BEN,2004,11.78318405558711
615,Benin,BEN,2005,11.78206764102766
616,Benin,BEN,2006,11.78475621062422
617,Benin,BEN,2007,11.78962055455106
618,Benin,BEN,2008,11.79993296821252
619,Benin,BEN,2009,11.80662334895884
620,Benin,BEN,2010,11.81392564722826
621,Benin,BEN,2011,11.81468657142439
622,Benin,BEN,2012,11.81871763474453
623,Benin,BEN,2013,11.8244205238333
624,Benin,BEN,2014,11.83040960616739
625,Benin,BEN,2015,11.82922635231815
626,Benin,BEN,2016,11.83296306172741
627,Benin,BEN,2017,11.83528493500666
628,Benin,BEN,2018,11.84135588455702
629,Benin,BEN,2019,11.84950149146743
630,Bermuda,BMU,1990,14.67202084499998
631,Bermuda,BMU,1991,14.6518131754803
632,Bermuda,BMU,1992,14.638244147778682
633,Bermuda,BMU,1993,14.62376947274284
634,Bermuda,BMU,1994,14.61146737370314
635,Bermuda,BMU,1995,14.604603491014908
636,Bermuda,BMU,1996,14.59584058711629
637,Bermuda,BMU,1997,14.59168396851025
638,Bermuda,BMU,1998,14.58134079124478
639,Bermuda,BMU,1999,14.57493790814155
640,Bermuda,BMU,2000,14.56729351452527
641,Bermuda,BMU,2001,14.55603048509198
642,Bermuda,BMU,2002,14.543549278073687
643,Bermuda,BMU,2003,14.52731739790682
644,Bermuda,BMU,2004,14.51023461899844
645,Bermuda,BMU,2005,14.49380004356108
646,Bermuda,BMU,2006,14.478835478241258
647,Bermuda,BMU,2007,14.46383553823175
648,Bermuda,BMU,2008,14.44711946631906
649,Bermuda,BMU,2009,14.44020674604865
650,Bermuda,BMU,2010,14.43959189532211
651,Bermuda,BMU,2011,14.44945401229003
652,Bermuda,BMU,2012,14.463824000599727
653,Bermuda,BMU,2013,14.4783706584393
654,Bermuda,BMU,2014,14.49145206124502
655,Bermuda,BMU,2015,14.49690378465911
656,Bermuda,BMU,2016,14.49356038781769
657,Bermuda,BMU,2017,14.491430383709613
658,Bermuda,BMU,2018,14.5034885338131
659,Bermuda,BMU,2019,14.52343948774755
660,Bhutan,BTN,1990,13.02033425512071
661,Bhutan,BTN,1991,12.96270005610432
662,Bhutan,BTN,1992,12.90787038069679
663,Bhutan,BTN,1993,12.857237515111612
664,Bhutan,BTN,1994,12.80838084166239
665,Bhutan,BTN,1995,12.75809929097044
666,Bhutan,BTN,1996,12.71423680296619
667,Bhutan,BTN,1997,12.679934003915411
668,Bhutan,BTN,1998,12.64267006807468
669,Bhutan,BTN,1999,12.60338745215663
670,Bhutan,BTN,2000,12.56365893230718
671,Bhutan,BTN,2001,12.516159428949589
672,Bhutan,BTN,2002,12.46771039221414
673,Bhutan,BTN,2003,12.41805964861938
674,Bhutan,BTN,2004,12.37100829684085
675,Bhutan,BTN,2005,12.32708639784233
676,Bhutan,BTN,2006,12.2816077379552
677,Bhutan,BTN,2007,12.23990708669913
678,Bhutan,BTN,2008,12.20083666604424
679,Bhutan,BTN,2009,12.1667418957922
680,Bhutan,BTN,2010,12.13791575574225
681,Bhutan,BTN,2011,12.12107201322952
682,Bhutan,BTN,2012,12.11366125845084
683,Bhutan,BTN,2013,12.11140368510114
684,Bhutan,BTN,2014,12.10650250181302
685,Bhutan,BTN,2015,12.09444295080448
686,Bhutan,BTN,2016,12.06651247152374
687,Bhutan,BTN,2017,12.03837847007701
688,Bhutan,BTN,2018,12.04153569452007
689,Bhutan,BTN,2019,12.06935611096466
690,Bolivia,BOL,1990,15.2706949779765
691,Bolivia,BOL,1991,15.270650066588122
692,Bolivia,BOL,1992,15.266987408039151
693,Bolivia,BOL,1993,15.26350718351313
694,Bolivia,BOL,1994,15.26287804986568
695,Bolivia,BOL,1995,15.258115661369908
696,Bolivia,BOL,1996,15.25138637333478
697,Bolivia,BOL,1997,15.243394293748947
698,Bolivia,BOL,1998,15.23193869614247
699,Bolivia,BOL,1999,15.21860470394229
700,Bolivia,BOL,2000,15.21032118943609
701,Bolivia,BOL,2001,15.19803427773698
702,Bolivia,BOL,2002,15.18741229900458
703,Bolivia,BOL,2003,15.17330904612129
704,Bolivia,BOL,2004,15.15871354336595
705,Bolivia,BOL,2005,15.14567911101996
706,Bolivia,BOL,2006,15.13396140477155
707,Bolivia,BOL,2007,15.12320690664763
708,Bolivia,BOL,2008,15.10840852785794
709,Bolivia,BOL,2009,15.100401209506838
710,Bolivia,BOL,2010,15.095260657874707
711,Bolivia,BOL,2011,15.09567008291444
712,Bolivia,BOL,2012,15.100570864332068
713,Bolivia,BOL,2013,15.108350679206332
714,Bolivia,BOL,2014,15.11234768378103
715,Bolivia,BOL,2015,15.1113057951864
716,Bolivia,BOL,2016,15.105219593111368
717,Bolivia,BOL,2017,15.10006183432816
718,Bolivia,BOL,2018,15.08480607266166
719,Bolivia,BOL,2019,15.063350369530228
720,Bosnia and Herzegovina,BIH,1990,12.53226863153373
721,Bosnia and Herzegovina,BIH,1991,12.6031067091259
722,Bosnia and Herzegovina,BIH,1992,12.64057148232344
723,Bosnia and Herzegovina,BIH,1993,12.65945314766617
724,Bosnia and Herzegovina,BIH,1994,12.664327788482591
725,Bosnia and Herzegovina,BIH,1995,12.6690652995658
726,Bosnia and Herzegovina,BIH,1996,12.63322485977654
727,Bosnia and Herzegovina,BIH,1997,12.53980938864111
728,Bosnia and Herzegovina,BIH,1998,12.42878234681948
729,Bosnia and Herzegovina,BIH,1999,12.3121174615341
730,Bosnia and Herzegovina,BIH,2000,12.2295281689043
731,Bosnia and Herzegovina,BIH,2001,12.170665342213969
732,Bosnia and Herzegovina,BIH,2002,12.11371244695333
733,Bosnia and Herzegovina,BIH,2003,12.06418939019621
734,Bosnia and Herzegovina,BIH,2004,12.0128889907203
735,Bosnia and Herzegovina,BIH,2005,11.95795609229344
736,Bosnia and Herzegovina,BIH,2006,11.8944055546951
737,Bosnia and Herzegovina,BIH,2007,11.824758602914413
738,Bosnia and Herzegovina,BIH,2008,11.75896065410335
739,Bosnia and Herzegovina,BIH,2009,11.700783567781867
740,Bosnia and Herzegovina,BIH,2010,11.65797322103844
741,Bosnia and Herzegovina,BIH,2011,11.62773994776472
742,Bosnia and Herzegovina,BIH,2012,11.59934217468696
743,Bosnia and Herzegovina,BIH,2013,11.57340019810837
744,Bosnia and Herzegovina,BIH,2014,11.54976149231001
745,Bosnia and Herzegovina,BIH,2015,11.5329965613884
746,Bosnia and Herzegovina,BIH,2016,11.5122614843734
747,Bosnia and Herzegovina,BIH,2017,11.49759605085238
748,Bosnia and Herzegovina,BIH,2018,11.500069622475513
749,Bosnia and Herzegovina,BIH,2019,11.51337635147718
750,Botswana,BWA,1990,11.50960842573556
751,Botswana,BWA,1991,11.53265465435778
752,Botswana,BWA,1992,11.55491333872746
753,Botswana,BWA,1993,11.57870200288218
754,Botswana,BWA,1994,11.603607219328287
755,Botswana,BWA,1995,11.62681870340943
756,Botswana,BWA,1996,11.66076050550988
757,Botswana,BWA,1997,11.70052889156818
758,Botswana,BWA,1998,11.74609750865507
759,Botswana,BWA,1999,11.78107635462387
760,Botswana,BWA,2000,11.80312977643794
761,Botswana,BWA,2001,11.81504981062308
762,Botswana,BWA,2002,11.82801750618211
763,Botswana,BWA,2003,11.83632966652068
764,Botswana,BWA,2004,11.84290292404832
765,Botswana,BWA,2005,11.84437985581865
766,Botswana,BWA,2006,11.842133912841833
767,Botswana,BWA,2007,11.83088278417153
768,Botswana,BWA,2008,11.81593696555035
769,Botswana,BWA,2009,11.80481584365416
770,Botswana,BWA,2010,11.79929836900678
771,Botswana,BWA,2011,11.803220946850873
772,Botswana,BWA,2012,11.81493128655899
773,Botswana,BWA,2013,11.83204659751425
774,Botswana,BWA,2014,11.845220603571253
775,Botswana,BWA,2015,11.8536952366267
776,Botswana,BWA,2016,11.86798191536426
777,Botswana,BWA,2017,11.87932343348816
778,Botswana,BWA,2018,11.87944640277874
779,Botswana,BWA,2019,11.87192294276771
780,Brazil,BRA,1990,15.48993760063617
781,Brazil,BRA,1991,15.49091730575437
782,Brazil,BRA,1992,15.5089730700432
783,Brazil,BRA,1993,15.53625659114285
784,Brazil,BRA,1994,15.565802268134629
785,Brazil,BRA,1995,15.59452224079941
786,Brazil,BRA,1996,15.74789726030588
787,Brazil,BRA,1997,16.0871434582184
788,Brazil,BRA,1998,16.51274948839351
789,Brazil,BRA,1999,16.9257119321869
790,Brazil,BRA,2000,17.22926941558892
791,Brazil,BRA,2001,17.47347574872102
792,Brazil,BRA,2002,17.73988345171533
793,Brazil,BRA,2003,17.98556591495851
794,Brazil,BRA,2004,18.16969385147996
795,Brazil,BRA,2005,18.24907528386352
796,Brazil,BRA,2006,18.2036975156416
797,Brazil,BRA,2007,18.07115287706599
798,Brazil,BRA,2008,17.90221485468328
799,Brazil,BRA,2009,17.74701897565048
800,Brazil,BRA,2010,17.65840049137137
801,Brazil,BRA,2011,17.5390876573917
802,Brazil,BRA,2012,17.30732620839738
803,Brazil,BRA,2013,17.04079281472293
804,Brazil,BRA,2014,16.8183349348552
805,Brazil,BRA,2015,16.71917787646766
806,Brazil,BRA,2016,16.70889470343326
807,Brazil,BRA,2017,16.70250500496181
808,Brazil,BRA,2018,16.70712299017838
809,Brazil,BRA,2019,16.717069356276628
810,Brunei,BRN,1990,10.22760180205324
811,Brunei,BRN,1991,10.21824026447629
812,Brunei,BRN,1992,10.21294844672045
813,Brunei,BRN,1993,10.21144119019767
814,Brunei,BRN,1994,10.20942509597379
815,Brunei,BRN,1995,10.20909888235208
816,Brunei,BRN,1996,10.2100084711706
817,Brunei,BRN,1997,10.21306881743787
818,Brunei,BRN,1998,10.22098102060597
819,Brunei,BRN,1999,10.22482085026043
820,Brunei,BRN,2000,10.23119427259604
821,Brunei,BRN,2001,10.2381919460782
822,Brunei,BRN,2002,10.24782669735438
823,Brunei,BRN,2003,10.2561167113512
824,Brunei,BRN,2004,10.26302736354072
825,Brunei,BRN,2005,10.26926128594647
826,Brunei,BRN,2006,10.26857375173358
827,Brunei,BRN,2007,10.25896033444913
828,Brunei,BRN,2008,10.24764737174312
829,Brunei,BRN,2009,10.24217856808134
830,Brunei,BRN,2010,10.24188677921994
831,Brunei,BRN,2011,10.25222898172412
832,Brunei,BRN,2012,10.27252608565097
833,Brunei,BRN,2013,10.29353367456425
834,Brunei,BRN,2014,10.3125393705343
835,Brunei,BRN,2015,10.32185758153415
836,Brunei,BRN,2016,10.3214814826843
837,Brunei,BRN,2017,10.3155758101744
838,Brunei,BRN,2018,10.32895598280858
839,Brunei,BRN,2019,10.35537211259077
840,Bulgaria,BGR,1990,11.53148385601467
841,Bulgaria,BGR,1991,11.5500022524575
842,Bulgaria,BGR,1992,11.563689190511631
843,Bulgaria,BGR,1993,11.57625492571344
844,Bulgaria,BGR,1994,11.58656426976444
845,Bulgaria,BGR,1995,11.59496200581107
846,Bulgaria,BGR,1996,11.59229784120699
847,Bulgaria,BGR,1997,11.57245500450264
848,Bulgaria,BGR,1998,11.54755450171292
849,Bulgaria,BGR,1999,11.52194250400474
850,Bulgaria,BGR,2000,11.50192932391819
851,Bulgaria,BGR,2001,11.48357199799446
852,Bulgaria,BGR,2002,11.45734689934851
853,Bulgaria,BGR,2003,11.42342148181925
854,Bulgaria,BGR,2004,11.39025025482546
855,Bulgaria,BGR,2005,11.35748816118717
856,Bulgaria,BGR,2006,11.33071230571933
857,Bulgaria,BGR,2007,11.31258288806481
858,Bulgaria,BGR,2008,11.29692567281987
859,Bulgaria,BGR,2009,11.27954321501444
860,Bulgaria,BGR,2010,11.25963477464804
861,Bulgaria,BGR,2011,11.23166915945082
862,Bulgaria,BGR,2012,11.20405201703166
863,Bulgaria,BGR,2013,11.18131298225914
864,Bulgaria,BGR,2014,11.16325917764868
865,Bulgaria,BGR,2015,11.1471291308979
866,Bulgaria,BGR,2016,11.14146947563598
867,Bulgaria,BGR,2017,11.13934888883236
868,Bulgaria,BGR,2018,11.13926842395397
869,Bulgaria,BGR,2019,11.14108966319428
870,Burkina Faso,BFA,1990,11.77732378427106
871,Burkina Faso,BFA,1991,11.7220691986518
872,Burkina Faso,BFA,1992,11.67528260261457
873,Burkina Faso,BFA,1993,11.6351856109904
874,Burkina Faso,BFA,1994,11.60540165666495
875,Burkina Faso,BFA,1995,11.58781718902794
876,Burkina Faso,BFA,1996,11.57882705936106
877,Burkina Faso,BFA,1997,11.57374699586999
878,Burkina Faso,BFA,1998,11.56938945859248
879,Burkina Faso,BFA,1999,11.56507110333297
880,Burkina Faso,BFA,2000,11.56313922063207
881,Burkina Faso,BFA,2001,11.5643600555627
882,Burkina Faso,BFA,2002,11.57803539709098
883,Burkina Faso,BFA,2003,11.59661050915814
884,Burkina Faso,BFA,2004,11.61503970569519
885,Burkina Faso,BFA,2005,11.62275748164025
886,Burkina Faso,BFA,2006,11.630532676282671
887,Burkina Faso,BFA,2007,11.64828021328655
888,Burkina Faso,BFA,2008,11.66771589776639
889,Burkina Faso,BFA,2009,11.68306654583465
890,Burkina Faso,BFA,2010,11.68865916861162
891,Burkina Faso,BFA,2011,11.70978082598783
892,Burkina Faso,BFA,2012,11.75845016558519
893,Burkina Faso,BFA,2013,11.81316304709219
894,Burkina Faso,BFA,2014,11.854108708916293
895,Burkina Faso,BFA,2015,11.87111725488916
896,Burkina Faso,BFA,2016,11.86905183874379
897,Burkina Faso,BFA,2017,11.85976336404111
898,Burkina Faso,BFA,2018,11.79233760237386
899,Burkina Faso,BFA,2019,11.65870165055215
900,Burundi,BDI,1990,13.496075717375462
901,Burundi,BDI,1991,13.49611810201767
902,Burundi,BDI,1992,13.495109753149109
903,Burundi,BDI,1993,13.48840892255635
904,Burundi,BDI,1994,13.48383230720174
905,Burundi,BDI,1995,13.4806214486208
906,Burundi,BDI,1996,13.4790299893364
907,Burundi,BDI,1997,13.47135547043098
908,Burundi,BDI,1998,13.46025716936468
909,Burundi,BDI,1999,13.44472337094814
910,Burundi,BDI,2000,13.423173406741329
911,Burundi,BDI,2001,13.39971424233714
912,Burundi,BDI,2002,13.36775899814531
913,Burundi,BDI,2003,13.33409854169826
914,Burundi,BDI,2004,13.29986003011758
915,Burundi,BDI,2005,13.26187884084914
916,Burundi,BDI,2006,13.220282322903602
917,Burundi,BDI,2007,13.17412166803095
918,Burundi,BDI,2008,13.1291165875695
919,Burundi,BDI,2009,13.08905231804888
920,Burundi,BDI,2010,13.06617434736223
921,Burundi,BDI,2011,13.05165371906597
922,Burundi,BDI,2012,13.04259076125771
923,Burundi,BDI,2013,13.035827541386972
924,Burundi,BDI,2014,13.03923849729899
925,Burundi,BDI,2015,13.04730587536215
926,Burundi,BDI,2016,13.06309669681855
927,Burundi,BDI,2017,13.07135204123128
928,Burundi,BDI,2018,13.07761274524639
929,Burundi,BDI,2019,13.09021507771648
930,Cambodia,KHM,1990,13.482416545787707
931,Cambodia,KHM,1991,13.47759762968985
932,Cambodia,KHM,1992,13.47339667336995
933,Cambodia,KHM,1993,13.46226323584486
934,Cambodia,KHM,1994,13.451416743960632
935,Cambodia,KHM,1995,13.439930930921982
936,Cambodia,KHM,1996,13.423009479995072
937,Cambodia,KHM,1997,13.40632826608276
938,Cambodia,KHM,1998,13.38617040628283
939,Cambodia,KHM,1999,13.36391894590537
940,Cambodia,KHM,2000,13.329763327342231
941,Cambodia,KHM,2001,13.29453971579083
942,Cambodia,KHM,2002,13.244331461533902
943,Cambodia,KHM,2003,13.186020013848191
944,Cambodia,KHM,2004,13.12449957858971
945,Cambodia,KHM,2005,13.05308532398461
946,Cambodia,KHM,2006,12.9792154291688
947,Cambodia,KHM,2007,12.904534426618818
948,Cambodia,KHM,2008,12.82854636863982
949,Cambodia,KHM,2009,12.760457985409
950,Cambodia,KHM,2010,12.69692695979777
951,Cambodia,KHM,2011,12.648391771245878
952,Cambodia,KHM,2012,12.601173308022782
953,Cambodia,KHM,2013,12.56210804903766
954,Cambodia,KHM,2014,12.52330390965099
955,Cambodia,KHM,2015,12.48969570894797
956,Cambodia,KHM,2016,12.45333262227469
957,Cambodia,KHM,2017,12.41937048149082
958,Cambodia,KHM,2018,12.38773158453598
959,Cambodia,KHM,2019,12.36088748711275
960,Cameroon,CMR,1990,11.53684825519992
961,Cameroon,CMR,1991,11.56069393174138
962,Cameroon,CMR,1992,11.58482881864035
963,Cameroon,CMR,1993,11.61080915812732
964,Cameroon,CMR,1994,11.63462385048872
965,Cameroon,CMR,1995,11.65413021374774
966,Cameroon,CMR,1996,11.67379785042518
967,Cameroon,CMR,1997,11.7007337657785
968,Cameroon,CMR,1998,11.730666198633791
969,Cameroon,CMR,1999,11.75627919533758
970,Cameroon,CMR,2000,11.76704413383305
971,Cameroon,CMR,2001,11.77749682482248
972,Cameroon,CMR,2002,11.78575593012
973,Cameroon,CMR,2003,11.78980293254128
974,Cameroon,CMR,2004,11.79737469934277
975,Cameroon,CMR,2005,11.80272032671448
976,Cameroon,CMR,2006,11.81484605484229
977,Cameroon,CMR,2007,11.8368151516508
978,Cameroon,CMR,2008,11.86459072079284
979,Cameroon,CMR,2009,11.888246881483033
980,Cameroon,CMR,2010,11.90246496279937
981,Cameroon,CMR,2011,11.90155763894618
982,Cameroon,CMR,2012,11.90331358842955
983,Cameroon,CMR,2013,11.89663520485236
984,Cameroon,CMR,2014,11.89077828348668
985,Cameroon,CMR,2015,11.89070796880494
986,Cameroon,CMR,2016,11.88726109613061
987,Cameroon,CMR,2017,11.890334130723131
988,Cameroon,CMR,2018,11.88984822856584
989,Cameroon,CMR,2019,11.88827826133499
990,Canada,CAN,1990,14.69139284910359
991,Canada,CAN,1991,14.713732135949009
992,Canada,CAN,1992,14.73287926582191
993,Canada,CAN,1993,14.75136653448563
994,Canada,CAN,1994,14.76456826039895
995,Canada,CAN,1995,14.77395397881772
996,Canada,CAN,1996,14.68373676155463
997,Canada,CAN,1997,14.46184684645342
998,Canada,CAN,1998,14.19367124363234
999,Canada,CAN,1999,13.9675130033215
1000,Canada,CAN,2000,13.8663924990748
1001,Canada,CAN,2001,13.85323065080484
1002,Canada,CAN,2002,13.83437112519183
1003,Canada,CAN,2003,13.80795921946642
1004,Canada,CAN,2004,13.78329399805073
1005,Canada,CAN,2005,13.759704292869
1006,Canada,CAN,2006,13.84030747828609
1007,Canada,CAN,2007,14.07141734643598
1008,Canada,CAN,2008,14.35639863088112
1009,Canada,CAN,2009,14.60202366977772
1010,Canada,CAN,2010,14.71620589543865
1011,Canada,CAN,2011,14.75120910880486
1012,Canada,CAN,2012,14.80822609187653
1013,Canada,CAN,2013,14.87444703138044
1014,Canada,CAN,2014,14.93005541491442
1015,Canada,CAN,2015,14.95642437327214
1016,Canada,CAN,2016,14.95352105662239
1017,Canada,CAN,2017,14.95610293601228
1018,Canada,CAN,2018,14.95313317879026
1019,Canada,CAN,2019,14.95356296501985
1020,Cape Verde,CPV,1990,11.78832973690109
1021,Cape Verde,CPV,1991,11.80871518694703
1022,Cape Verde,CPV,1992,11.8309338083379
1023,Cape Verde,CPV,1993,11.85559710879308
1024,Cape Verde,CPV,1994,11.88257694831624
1025,Cape Verde,CPV,1995,11.90711722311604
1026,Cape Verde,CPV,1996,11.93789731287213
1027,Cape Verde,CPV,1997,11.97650177913962
1028,Cape Verde,CPV,1998,12.02777070367159
1029,Cape Verde,CPV,1999,12.07453369688864
1030,Cape Verde,CPV,2000,12.10918954870806
1031,Cape Verde,CPV,2001,12.1407872378178
1032,Cape Verde,CPV,2002,12.17368511485368
1033,Cape Verde,CPV,2003,12.20572026975497
1034,Cape Verde,CPV,2004,12.22801738690092
1035,Cape Verde,CPV,2005,12.23890536680201
1036,Cape Verde,CPV,2006,12.23732857895296
1037,Cape Verde,CPV,2007,12.22109789951384
1038,Cape Verde,CPV,2008,12.20412007542039
1039,Cape Verde,CPV,2009,12.18421676569331
1040,Cape Verde,CPV,2010,12.17374524737848
1041,Cape Verde,CPV,2011,12.16806777071949
1042,Cape Verde,CPV,2012,12.1635765657267
1043,Cape Verde,CPV,2013,12.16634895468903
1044,Cape Verde,CPV,2014,12.16538843560145
1045,Cape Verde,CPV,2015,12.16424130912983
1046,Cape Verde,CPV,2016,12.15987275981856
1047,Cape Verde,CPV,2017,12.16149442955472
1048,Cape Verde,CPV,2018,12.15130803329379
1049,Cape Verde,CPV,2019,12.13386189768798
1050,Central African Republic,CAF,1990,14.21197509776716
1051,Central African Republic,CAF,1991,14.2280901469023
1052,Central African Republic,CAF,1992,14.247054957025728
1053,Central African Republic,CAF,1993,14.25763994320882
1054,Central African Republic,CAF,1994,14.27046805566172
1055,Central African Republic,CAF,1995,14.28141614856227
1056,Central African Republic,CAF,1996,14.29327609544043
1057,Central African Republic,CAF,1997,14.307790106493009
1058,Central African Republic,CAF,1998,14.32400429261066
1059,Central African Republic,CAF,1999,14.338122472129692
1060,Central African Republic,CAF,2000,14.34784080209165
1061,Central African Republic,CAF,2001,14.353271699419428
1062,Central African Republic,CAF,2002,14.359254710388711
1063,Central African Republic,CAF,2003,14.3659842691889
1064,Central African Republic,CAF,2004,14.36831334597432
1065,Central African Republic,CAF,2005,14.368146566789967
1066,Central African Republic,CAF,2006,14.360529446551553
1067,Central African Republic,CAF,2007,14.350306524425449
1068,Central African Republic,CAF,2008,14.33993496266804
1069,Central African Republic,CAF,2009,14.332656519196648
1070,Central African Republic,CAF,2010,14.33623060186151
1071,Central African Republic,CAF,2011,14.35604231085591
1072,Central African Republic,CAF,2012,14.39617782878866
1073,Central African Republic,CAF,2013,14.446727775077209
1074,Central African Republic,CAF,2014,14.496937977343972
1075,Central African Republic,CAF,2015,14.53901638175651
1076,Central African Republic,CAF,2016,14.5809138496661
1077,Central African Republic,CAF,2017,14.61354201472255
1078,Central African Republic,CAF,2018,14.63652603381429
1079,Central African Republic,CAF,2019,14.65020865671192
1080,Chad,TCD,1990,12.56950277556538
1081,Chad,TCD,1991,12.558846658385209
1082,Chad,TCD,1992,12.553650819580731
1083,Chad,TCD,1993,12.55242243252818
1084,Chad,TCD,1994,12.554757228999868
1085,Chad,TCD,1995,12.562581983213262
1086,Chad,TCD,1996,12.59980623313916
1087,Chad,TCD,1997,12.673877219552852
1088,Chad,TCD,1998,12.7611072884242
1089,Chad,TCD,1999,12.83649630220614
1090,Chad,TCD,2000,12.87566850471852
1091,Chad,TCD,2001,12.889578832964222
1092,Chad,TCD,2002,12.8939339108093
1093,Chad,TCD,2003,12.88461377222376
1094,Chad,TCD,2004,12.87604010692286
1095,Chad,TCD,2005,12.86050448783187
1096,Chad,TCD,2006,12.8419918510183
1097,Chad,TCD,2007,12.81585533522449
1098,Chad,TCD,2008,12.788808596963138
1099,Chad,TCD,2009,12.76631736348515
1100,Chad,TCD,2010,12.747435543859332
1101,Chad,TCD,2011,12.72987373025881
1102,Chad,TCD,2012,12.69717582529076
1103,Chad,TCD,2013,12.66444248996246
1104,Chad,TCD,2014,12.635858278634728
1105,Chad,TCD,2015,12.622316903109107
1106,Chad,TCD,2016,12.61875124868253
1107,Chad,TCD,2017,12.61933663450033
1108,Chad,TCD,2018,12.628596884517322
1109,Chad,TCD,2019,12.650981779330351
1110,Chile,CHL,1990,15.8341662484623
1111,Chile,CHL,1991,15.83291745950682
1112,Chile,CHL,1992,15.82505005508802
1113,Chile,CHL,1993,15.81078459641618
1114,Chile,CHL,1994,15.788487664956069
1115,Chile,CHL,1995,15.762919263929431
1116,Chile,CHL,1996,15.71572632196882
1117,Chile,CHL,1997,15.64495148209985
1118,Chile,CHL,1998,15.56189246348246
1119,Chile,CHL,1999,15.494487120891808
1120,Chile,CHL,2000,15.45745004414176
1121,Chile,CHL,2001,15.471391681916218
1122,Chile,CHL,2002,15.52896730406195
1123,Chile,CHL,2003,15.60445117873458
1124,Chile,CHL,2004,15.66081675089866
1125,Chile,CHL,2005,15.68323071673591
1126,Chile,CHL,2006,15.657199377176582
1127,Chile,CHL,2007,15.59699996253184
1128,Chile,CHL,2008,15.52694479163837
1129,Chile,CHL,2009,15.46959078099284
1130,Chile,CHL,2010,15.44653747338498
1131,Chile,CHL,2011,15.4403957832664
1132,Chile,CHL,2012,15.41840602204852
1133,Chile,CHL,2013,15.393165395017942
1134,Chile,CHL,2014,15.36739203731108
1135,Chile,CHL,2015,15.355107027864127
1136,Chile,CHL,2016,15.34714563671033
1137,Chile,CHL,2017,15.3323504381229
1138,Chile,CHL,2018,15.28861147629031
1139,Chile,CHL,2019,15.202829708389787
1140,China,CHN,1990,11.64213791509017
1141,China,CHN,1991,11.77382423483549
1142,China,CHN,1992,11.88508067326863
1143,China,CHN,1993,11.972029990830867
1144,China,CHN,1994,12.02809325480618
1145,China,CHN,1995,12.04935142709669
1146,China,CHN,1996,12.04386912610938
1147,China,CHN,1997,12.027574064606169
1148,China,CHN,1998,12.00183855703456
1149,China,CHN,1999,11.96920670777433
1150,China,CHN,2000,11.93066965976808
1151,China,CHN,2001,11.87678023859806
1152,China,CHN,2002,11.8030074338001
1153,China,CHN,2003,11.72403145080477
1154,China,CHN,2004,11.65363901294886
1155,China,CHN,2005,11.607503822901
1156,China,CHN,2006,11.57867367509315
1157,China,CHN,2007,11.550950451816847
1158,China,CHN,2008,11.52434575633806
1159,China,CHN,2009,11.49909739588231
1160,China,CHN,2010,11.47535722922725
1161,China,CHN,2011,11.43978220390344
1162,China,CHN,2012,11.38836101219727
1163,China,CHN,2013,11.334805675342
1164,China,CHN,2014,11.29305591988756
1165,China,CHN,2015,11.278487621602649
1166,China,CHN,2016,11.33046348754711
1167,China,CHN,2017,11.38605697042987
1168,China,CHN,2018,11.37025382159255
1169,China,CHN,2019,11.309431249460369
1170,Colombia,COL,1990,11.98734355053784
1171,Colombia,COL,1991,11.98954551198498
1172,Colombia,COL,1992,11.99315597282566
1173,Colombia,COL,1993,12.0018288230879
1174,Colombia,COL,1994,12.02081862367372
1175,Colombia,COL,1995,12.03719577095931
1176,Colombia,COL,1996,12.11967550468539
1177,Colombia,COL,1997,12.291997264444673
1178,Colombia,COL,1998,12.49109817153823
1179,Colombia,COL,1999,12.66500403813285
1180,Colombia,COL,2000,12.74758639871017
1181,Colombia,COL,2001,12.77020207386174
1182,Colombia,COL,2002,12.79889601055669
1183,Colombia,COL,2003,12.822299381205127
1184,Colombia,COL,2004,12.83619796098198
1185,Colombia,COL,2005,12.83696061392115
1186,Colombia,COL,2006,12.68680494185931
1187,Colombia,COL,2007,12.33661884830723
1188,Colombia,COL,2008,11.91581425379128
1189,Colombia,COL,2009,11.55505602762652
1190,Colombia,COL,2010,11.392000082951249
1191,Colombia,COL,2011,11.37354418356638
1192,Colombia,COL,2012,11.35551547259131
1193,Colombia,COL,2013,11.33576063796836
1194,Colombia,COL,2014,11.332511107573
1195,Colombia,COL,2015,11.34494251597796
1196,Colombia,COL,2016,11.66759383087869
1197,Colombia,COL,2017,11.99675794670596
1198,Colombia,COL,2018,12.02654514623203
1199,Colombia,COL,2019,12.04643042516959
1200,Comoros,COM,1990,12.12014715223456
1201,Comoros,COM,1991,12.1233524059165
1202,Comoros,COM,1992,12.1299270943504
1203,Comoros,COM,1993,12.13094990228678
1204,Comoros,COM,1994,12.13546633417224
1205,Comoros,COM,1995,12.13506079881518
1206,Comoros,COM,1996,12.132953094242769
1207,Comoros,COM,1997,12.12606020913933
1208,Comoros,COM,1998,12.11763317259441
1209,Comoros,COM,1999,12.10989200211688
1210,Comoros,COM,2000,12.10567027715118
1211,Comoros,COM,2001,12.10151779460981
1212,Comoros,COM,2002,12.09610287307661
1213,Comoros,COM,2003,12.09297843883962
1214,Comoros,COM,2004,12.08847921700542
1215,Comoros,COM,2005,12.08048946485269
1216,Comoros,COM,2006,12.0753128198944
1217,Comoros,COM,2007,12.06258174354454
1218,Comoros,COM,2008,12.04790005602167
1219,Comoros,COM,2009,12.03832394141172
1220,Comoros,COM,2010,12.03392240320621
1221,Comoros,COM,2011,12.04540568893104
1222,Comoros,COM,2012,12.071253559619487
1223,Comoros,COM,2013,12.10093649985566
1224,Comoros,COM,2014,12.12679957251203
1225,Comoros,COM,2015,12.15434005700968
1226,Comoros,COM,2016,12.178626163972227
1227,Comoros,COM,2017,12.20143886934128
1228,Comoros,COM,2018,12.21440130520818
1229,Comoros,COM,2019,12.22513282226648
1230,Congo,COG,1990,13.29522060583026
1231,Congo,COG,1991,13.2945004529607
1232,Congo,COG,1992,13.29814576644002
1233,Congo,COG,1993,13.301396685956927
1234,Congo,COG,1994,13.30412205633201
1235,Congo,COG,1995,13.30537055137616
1236,Congo,COG,1996,13.32160522540332
1237,Congo,COG,1997,13.35044849308375
1238,Congo,COG,1998,13.388010165514238
1239,Congo,COG,1999,13.41547307663209
1240,Congo,COG,2000,13.41920031403718
1241,Congo,COG,2001,13.40504016841664
1242,Congo,COG,2002,13.38341181042773
1243,Congo,COG,2003,13.36021299593667
1244,Congo,COG,2004,13.33348579806406
1245,Congo,COG,2005,13.30791461131515
1246,Congo,COG,2006,13.285064721542138
1247,Congo,COG,2007,13.2595468166597
1248,Congo,COG,2008,13.230941764970613
1249,Congo,COG,2009,13.200821087752908
1250,Congo,COG,2010,13.17672542529214
1251,Congo,COG,2011,13.14556022216021
1252,Congo,COG,2012,13.10414590156771
1253,Congo,COG,2013,13.06878762570278
1254,Congo,COG,2014,13.03726666096821
1255,Congo,COG,2015,13.01926479434077
1256,Congo,COG,2016,13.01891058477301
1257,Congo,COG,2017,13.02393731455524
1258,Congo,COG,2018,13.02696075173634
1259,Congo,COG,2019,13.03605407961543
1260,Cook Islands,COK,1990,11.595834630026747
1261,Cook Islands,COK,1991,11.59743422756743
1262,Cook Islands,COK,1992,11.599093967020831
1263,Cook Islands,COK,1993,11.60296620066247
1264,Cook Islands,COK,1994,11.60559706522397
1265,Cook Islands,COK,1995,11.60657655121102
1266,Cook Islands,COK,1996,11.60446450017128
1267,Cook Islands,COK,1997,11.60715825448957
1268,Cook Islands,COK,1998,11.60928968985605
1269,Cook Islands,COK,1999,11.60629987682595
1270,Cook Islands,COK,2000,11.60337050733142
1271,Cook Islands,COK,2001,11.59520755035161
1272,Cook Islands,COK,2002,11.5881196916377
1273,Cook Islands,COK,2003,11.58171490874679
1274,Cook Islands,COK,2004,11.57804623544353
1275,Cook Islands,COK,2005,11.57622625428241
1276,Cook Islands,COK,2006,11.58397753197244
1277,Cook Islands,COK,2007,11.59902497787187
1278,Cook Islands,COK,2008,11.61546110295402
1279,Cook Islands,COK,2009,11.62853615722665
1280,Cook Islands,COK,2010,11.63443418799572
1281,Cook Islands,COK,2011,11.63554158529439
1282,Cook Islands,COK,2012,11.6400137837694
1283,Cook Islands,COK,2013,11.63823571246153
1284,Cook Islands,COK,2014,11.64135429408369
1285,Cook Islands,COK,2015,11.63633050064505
1286,Cook Islands,COK,2016,11.62534757267561
1287,Cook Islands,COK,2017,11.61808392599708
1288,Cook Islands,COK,2018,11.62820701070216
1289,Cook Islands,COK,2019,11.65112941340683
1290,Costa Rica,CRI,1990,12.54905845902048
1291,Costa Rica,CRI,1991,12.54872765851418
1292,Costa Rica,CRI,1992,12.55055832119286
1293,Costa Rica,CRI,1993,12.55538685381858
1294,Costa Rica,CRI,1994,12.55942089731867
1295,Costa Rica,CRI,1995,12.567875733318502
1296,Costa Rica,CRI,1996,12.58064793244953
1297,Costa Rica,CRI,1997,12.596181993068509
1298,Costa Rica,CRI,1998,12.61543547504358
1299,Costa Rica,CRI,1999,12.6390743132967
1300,Costa Rica,CRI,2000,12.655934629254707
1301,Costa Rica,CRI,2001,12.676339429051
1302,Costa Rica,CRI,2002,12.7031372037353
1303,Costa Rica,CRI,2003,12.73246926285182
1304,Costa Rica,CRI,2004,12.75482578557935
1305,Costa Rica,CRI,2005,12.77262991144735
1306,Costa Rica,CRI,2006,12.78589145609224
1307,Costa Rica,CRI,2007,12.805452579171453
1308,Costa Rica,CRI,2008,12.82676866756404
1309,Costa Rica,CRI,2009,12.84626497527669
1310,Costa Rica,CRI,2010,12.8612201455996
1311,Costa Rica,CRI,2011,12.88061831784828
1312,Costa Rica,CRI,2012,12.90857714023913
1313,Costa Rica,CRI,2013,12.93947860984539
1314,Costa Rica,CRI,2014,12.96701026088162
1315,Costa Rica,CRI,2015,12.9834350207279
1316,Costa Rica,CRI,2016,12.998771171243858
1317,Costa Rica,CRI,2017,13.00157568131658
1318,Costa Rica,CRI,2018,13.005540891382438
1319,Costa Rica,CRI,2019,13.009186307377298
1320,Cote d'Ivoire,CIV,1990,11.01169611722319
1321,Cote d'Ivoire,CIV,1991,11.023709570186073
1322,Cote d'Ivoire,CIV,1992,11.03338452455735
1323,Cote d'Ivoire,CIV,1993,11.04336358917119
1324,Cote d'Ivoire,CIV,1994,11.05013648054947
1325,Cote d'Ivoire,CIV,1995,11.05349658558848
1326,Cote d'Ivoire,CIV,1996,11.05764422934874
1327,Cote d'Ivoire,CIV,1997,11.061190643274
1328,Cote d'Ivoire,CIV,1998,11.06325535421786
1329,Cote d'Ivoire,CIV,1999,11.0641757324753
1330,Cote d'Ivoire,CIV,2000,11.06477713376304
1331,Cote d'Ivoire,CIV,2001,11.06639758736812
1332,Cote d'Ivoire,CIV,2002,11.06538660042824
1333,Cote d'Ivoire,CIV,2003,11.06702276984822
1334,Cote d'Ivoire,CIV,2004,11.06890175310721
1335,Cote d'Ivoire,CIV,2005,11.06881962636615
1336,Cote d'Ivoire,CIV,2006,11.06976126923786
1337,Cote d'Ivoire,CIV,2007,11.07225706391162
1338,Cote d'Ivoire,CIV,2008,11.07390406023371
1339,Cote d'Ivoire,CIV,2009,11.078351553472013
1340,Cote d'Ivoire,CIV,2010,11.08605226325934
1341,Cote d'Ivoire,CIV,2011,11.10136609856476
1342,Cote d'Ivoire,CIV,2012,11.12841625949724
1343,Cote d'Ivoire,CIV,2013,11.15980176897219
1344,Cote d'Ivoire,CIV,2014,11.18367150607243
1345,Cote d'Ivoire,CIV,2015,11.19240524644298
1346,Cote d'Ivoire,CIV,2016,11.18587835218843
1347,Cote d'Ivoire,CIV,2017,11.17511615011176
1348,Cote d'Ivoire,CIV,2018,11.1797205408187
1349,Cote d'Ivoire,CIV,2019,11.19305535175516
1350,Croatia,HRV,1990,12.06068609672716
1351,Croatia,HRV,1991,12.06856529239256
1352,Croatia,HRV,1992,12.07225752601101
1353,Croatia,HRV,1993,12.07135091155349
1354,Croatia,HRV,1994,12.0639525998441
1355,Croatia,HRV,1995,12.054548195643209
1356,Croatia,HRV,1996,12.0399186208655
1357,Croatia,HRV,1997,12.02103513032816
1358,Croatia,HRV,1998,11.99969653892171
1359,Croatia,HRV,1999,11.97432805706469
1360,Croatia,HRV,2000,11.94990936258454
1361,Croatia,HRV,2001,11.9147549847619
1362,Croatia,HRV,2002,11.86961743179138
1363,Croatia,HRV,2003,11.81974634447652
1364,Croatia,HRV,2004,11.77388872991753
1365,Croatia,HRV,2005,11.73812152468889
1366,Croatia,HRV,2006,11.71225765800338
1367,Croatia,HRV,2007,11.68213484695805
1368,Croatia,HRV,2008,11.65602506627032
1369,Croatia,HRV,2009,11.63562545606216
1370,Croatia,HRV,2010,11.62392444777729
1371,Croatia,HRV,2011,11.619167902962529
1372,Croatia,HRV,2012,11.62103838470203
1373,Croatia,HRV,2013,11.627444692661
1374,Croatia,HRV,2014,11.634980644734547
1375,Croatia,HRV,2015,11.63516593512898
1376,Croatia,HRV,2016,11.66268820008829
1377,Croatia,HRV,2017,11.68509846056155
1378,Croatia,HRV,2018,11.68828846318334
1379,Croatia,HRV,2019,11.690584013143
1380,Cuba,CUB,1990,15.95177903244718
1381,Cuba,CUB,1991,15.94380727534053
1382,Cuba,CUB,1992,15.92856832220298
1383,Cuba,CUB,1993,15.91346404454884
1384,Cuba,CUB,1994,15.89222228284183
1385,Cuba,CUB,1995,15.870658923509682
1386,Cuba,CUB,1996,15.84354677715503
1387,Cuba,CUB,1997,15.808842059396918
1388,Cuba,CUB,1998,15.76739490643724
1389,Cuba,CUB,1999,15.717500122424047
1390,Cuba,CUB,2000,15.66811810579914
1391,Cuba,CUB,2001,15.60899097887526
1392,Cuba,CUB,2002,15.544437173127209
1393,Cuba,CUB,2003,15.472440151992611
1394,Cuba,CUB,2004,15.40421813487137
1395,Cuba,CUB,2005,15.34111259194105
1396,Cuba,CUB,2006,15.28083168791707
1397,Cuba,CUB,2007,15.21734016235993
1398,Cuba,CUB,2008,15.15993679697678
1399,Cuba,CUB,2009,15.11408952156178
1400,Cuba,CUB,2010,15.09502520904889
1401,Cuba,CUB,2011,15.09472098545811
1402,Cuba,CUB,2012,15.101484921461388
1403,Cuba,CUB,2013,15.11080185491814
1404,Cuba,CUB,2014,15.11712286354731
1405,Cuba,CUB,2015,15.11449526221978
1406,Cuba,CUB,2016,15.10384809104702
1407,Cuba,CUB,2017,15.09123836323281
1408,Cuba,CUB,2018,15.1058993025188
1409,Cuba,CUB,2019,15.14629938067432
1410,Cyprus,CYP,1990,15.555805851693922
1411,Cyprus,CYP,1991,15.54311587264366
1412,Cyprus,CYP,1992,15.53132253552655
1413,Cyprus,CYP,1993,15.52156514761019
1414,Cyprus,CYP,1994,15.51578198615704
1415,Cyprus,CYP,1995,15.516091626465
1416,Cyprus,CYP,1996,15.52688888555911
1417,Cyprus,CYP,1997,15.55640063392934
1418,Cyprus,CYP,1998,15.58718269298419
1419,Cyprus,CYP,1999,15.61665270151436
1420,Cyprus,CYP,2000,15.62928680220043
1421,Cyprus,CYP,2001,15.63757322423506
1422,Cyprus,CYP,2002,15.64996080844591
1423,Cyprus,CYP,2003,15.66229409050164
1424,Cyprus,CYP,2004,15.67213031971445
1425,Cyprus,CYP,2005,15.68125613583639
1426,Cyprus,CYP,2006,15.66785463020135
1427,Cyprus,CYP,2007,15.640147519198798
1428,Cyprus,CYP,2008,15.605941617177647
1429,Cyprus,CYP,2009,15.57875188315504
1430,Cyprus,CYP,2010,15.570797049847352
1431,Cyprus,CYP,2011,15.58074721679382
1432,Cyprus,CYP,2012,15.60056506767841
1433,Cyprus,CYP,2013,15.625917723904251
1434,Cyprus,CYP,2014,15.64471718159613
1435,Cyprus,CYP,2015,15.65594403598415
1436,Cyprus,CYP,2016,15.63636248981962
1437,Cyprus,CYP,2017,15.61642066168743
1438,Cyprus,CYP,2018,15.63961626920334
1439,Cyprus,CYP,2019,15.701163118200482
1440,Czechia,CZE,1990,11.57302506950509
1441,Czechia,CZE,1991,11.5904854524694
1442,Czechia,CZE,1992,11.60058420217526
1443,Czechia,CZE,1993,11.60128759002456
1444,Czechia,CZE,1994,11.59976356657676
1445,Czechia,CZE,1995,11.59461236969489
1446,Czechia,CZE,1996,11.57564641830302
1447,Czechia,CZE,1997,11.542356069296709
1448,Czechia,CZE,1998,11.49874637496843
1449,Czechia,CZE,1999,11.458478541015127
1450,Czechia,CZE,2000,11.42508280680465
1451,Czechia,CZE,2001,11.4027807907147
1452,Czechia,CZE,2002,11.381499803851671
1453,Czechia,CZE,2003,11.36467261204392
1454,Czechia,CZE,2004,11.343920386832307
1455,Czechia,CZE,2005,11.3278981003581
1456,Czechia,CZE,2006,11.308373992512449
1457,Czechia,CZE,2007,11.28747118478688
1458,Czechia,CZE,2008,11.26547401557089
1459,Czechia,CZE,2009,11.24742464181322
1460,Czechia,CZE,2010,11.23534919648173
1461,Czechia,CZE,2011,11.2231707409877
1462,Czechia,CZE,2012,11.21058305001986
1463,Czechia,CZE,2013,11.19689863850117
1464,Czechia,CZE,2014,11.18571550783872
1465,Czechia,CZE,2015,11.17610817893399
1466,Czechia,CZE,2016,11.16503229198212
1467,Czechia,CZE,2017,11.151733699014809
1468,Czechia,CZE,2018,11.14384072981683
1469,Czechia,CZE,2019,11.1397787524548
1470,Democratic Republic of Congo,COD,1990,13.42607825517948
1471,Democratic Republic of Congo,COD,1991,13.44802453474994
1472,Democratic Republic of Congo,COD,1992,13.4747031245946
1473,Democratic Republic of Congo,COD,1993,13.50123153861913
1474,Democratic Republic of Congo,COD,1994,13.53282918555719
1475,Democratic Republic of Congo,COD,1995,13.57246339781788
1476,Democratic Republic of Congo,COD,1996,13.61681921367667
1477,Democratic Republic of Congo,COD,1997,13.67034373231499
1478,Democratic Republic of Congo,COD,1998,13.71882209695013
1479,Democratic Republic of Congo,COD,1999,13.76691402340472
1480,Democratic Republic of Congo,COD,2000,13.8063576589795
1481,Democratic Republic of Congo,COD,2001,13.833868592246802
1482,Democratic Republic of Congo,COD,2002,13.862555143344018
1483,Democratic Republic of Congo,COD,2003,13.8845164172761
1484,Democratic Republic of Congo,COD,2004,13.897140689230053
1485,Democratic Republic of Congo,COD,2005,13.89860065323966
1486,Democratic Republic of Congo,COD,2006,13.89444396316314
1487,Democratic Republic of Congo,COD,2007,13.88561400575316
1488,Democratic Republic of Congo,COD,2008,13.87365132033678
1489,Democratic Republic of Congo,COD,2009,13.86786257102644
1490,Democratic Republic of Congo,COD,2010,13.86322626375646
1491,Democratic Republic of Congo,COD,2011,13.851062641830818
1492,Democratic Republic of Congo,COD,2012,13.82394105209318
1493,Democratic Republic of Congo,COD,2013,13.78366503195217
1494,Democratic Republic of Congo,COD,2014,13.741979274679162
1495,Democratic Republic of Congo,COD,2015,13.70836201534081
1496,Democratic Republic of Congo,COD,2016,13.6689671797032
1497,Democratic Republic of Congo,COD,2017,13.63961145520833
1498,Democratic Republic of Congo,COD,2018,13.630838131510108
1499,Democratic Republic of Congo,COD,2019,13.63760238811902
1500,Denmark,DNK,1990,14.8448850851467
1501,Denmark,DNK,1991,14.81659472920558
1502,Denmark,DNK,1992,14.78154623095284
1503,Denmark,DNK,1993,14.74552835905972
1504,Denmark,DNK,1994,14.70331868878992
1505,Denmark,DNK,1995,14.6626067151217
1506,Denmark,DNK,1996,14.60872849441154
1507,Denmark,DNK,1997,14.53417976658121
1508,Denmark,DNK,1998,14.45593317342009
1509,Denmark,DNK,1999,14.37482700073825
1510,Denmark,DNK,2000,14.314777299665622
1511,Denmark,DNK,2001,14.265963151604192
1512,Denmark,DNK,2002,14.22034762087615
1513,Denmark,DNK,2003,14.174585318706573
1514,Denmark,DNK,2004,14.13772139524512
1515,Denmark,DNK,2005,14.10941177138004
1516,Denmark,DNK,2006,14.09830564106119
1517,Denmark,DNK,2007,14.10810918968427
1518,Denmark,DNK,2008,14.128454025909228
1519,Denmark,DNK,2009,14.15268803111179
1520,Denmark,DNK,2010,14.16180242143559
1521,Denmark,DNK,2011,14.16892005994672
1522,Denmark,DNK,2012,14.17976695867678
1523,Denmark,DNK,2013,14.19524456309234
1524,Denmark,DNK,2014,14.20964244862101
1525,Denmark,DNK,2015,14.215689379142022
1526,Denmark,DNK,2016,14.20625575626099
1527,Denmark,DNK,2017,14.19404274768067
1528,Denmark,DNK,2018,14.16134555620892
1529,Denmark,DNK,2019,14.09613885123937
1530,Djibouti,DJI,1990,11.83414457259405
1531,Djibouti,DJI,1991,11.84569525818732
1532,Djibouti,DJI,1992,11.85456052618459
1533,Djibouti,DJI,1993,11.86359547645668
1534,Djibouti,DJI,1994,11.87334749024658
1535,Djibouti,DJI,1995,11.88665136675607
1536,Djibouti,DJI,1996,11.9009337604402
1537,Djibouti,DJI,1997,11.91862042211745
1538,Djibouti,DJI,1998,11.94430430324595
1539,Djibouti,DJI,1999,11.959353050251927
1540,Djibouti,DJI,2000,11.97421869958332
1541,Djibouti,DJI,2001,11.98649371329624
1542,Djibouti,DJI,2002,12.00080150543802
1543,Djibouti,DJI,2003,12.01332356662541
1544,Djibouti,DJI,2004,12.0266336621315
1545,Djibouti,DJI,2005,12.033915030172947
1546,Djibouti,DJI,2006,12.03675377785869
1547,Djibouti,DJI,2007,12.03273037332763
1548,Djibouti,DJI,2008,12.02588028058875
1549,Djibouti,DJI,2009,12.01900208554251
1550,Djibouti,DJI,2010,12.01492817623299
1551,Djibouti,DJI,2011,12.01316718023188
1552,Djibouti,DJI,2012,12.017511211148
1553,Djibouti,DJI,2013,12.0187060732512
1554,Djibouti,DJI,2014,12.02021257004055
1555,Djibouti,DJI,2015,12.02480265444855
1556,Djibouti,DJI,2016,12.03117797101234
1557,Djibouti,DJI,2017,12.03520681321989
1558,Djibouti,DJI,2018,12.0371725610843
1559,Djibouti,DJI,2019,12.04389852752414
1560,Dominica,DMA,1990,14.22494700673418
1561,Dominica,DMA,1991,14.18499574381989
1562,Dominica,DMA,1992,14.149707438834891
1563,Dominica,DMA,1993,14.119470913273998
1564,Dominica,DMA,1994,14.09207609915899
1565,Dominica,DMA,1995,14.08366375538252
1566,Dominica,DMA,1996,14.0767381118034
1567,Dominica,DMA,1997,14.07718539828392
1568,Dominica,DMA,1998,14.07815271994249
1569,Dominica,DMA,1999,14.082758781049307
1570,Dominica,DMA,2000,14.084555092620027
1571,Dominica,DMA,2001,14.08089732884662
1572,Dominica,DMA,2002,14.07754467317046
1573,Dominica,DMA,2003,14.07508471352392
1574,Dominica,DMA,2004,14.072474712831731
1575,Dominica,DMA,2005,14.074336675160732
1576,Dominica,DMA,2006,14.067382113633158
1577,Dominica,DMA,2007,14.061671588979822
1578,Dominica,DMA,2008,14.057778547176133
1579,Dominica,DMA,2009,14.05700283154714
1580,Dominica,DMA,2010,14.06215609841438
1581,Dominica,DMA,2011,14.08197096460683
1582,Dominica,DMA,2012,14.108940670244849
1583,Dominica,DMA,2013,14.14444069635652
1584,Dominica,DMA,2014,14.17540934347834
1585,Dominica,DMA,2015,14.192699576850307
1586,Dominica,DMA,2016,14.19022356889757
1587,Dominica,DMA,2017,14.1918596954196
1588,Dominica,DMA,2018,14.221159890957772
1589,Dominica,DMA,2019,14.27740787126626
1590,Dominican Republic,DOM,1990,14.85351309849983
1591,Dominican Republic,DOM,1991,14.85245896032188
1592,Dominican Republic,DOM,1992,14.85706555990139
1593,Dominican Republic,DOM,1993,14.860964324271512
1594,Dominican Republic,DOM,1994,14.86332826542825
1595,Dominican Republic,DOM,1995,14.86912811530704
1596,Dominican Republic,DOM,1996,14.884449660210288
1597,Dominican Republic,DOM,1997,14.91088902369908
1598,Dominican Republic,DOM,1998,14.94509990751876
1599,Dominican Republic,DOM,1999,14.96907539671247
1600,Dominican Republic,DOM,2000,14.979763222422978
1601,Dominican Republic,DOM,2001,14.985629491769812
1602,Dominican Republic,DOM,2002,15.00088132275146
1603,Dominican Republic,DOM,2003,15.017504359940109
1604,Dominican Republic,DOM,2004,15.03434955686908
1605,Dominican Republic,DOM,2005,15.04167572925132
1606,Dominican Republic,DOM,2006,15.03998494739523
1607,Dominican Republic,DOM,2007,15.041572157141031
1608,Dominican Republic,DOM,2008,15.045314494418548
1609,Dominican Republic,DOM,2009,15.05150731867719
1610,Dominican Republic,DOM,2010,15.05088327135071
1611,Dominican Republic,DOM,2011,15.04307711088893
1612,Dominican Republic,DOM,2012,15.03014629896616
1613,Dominican Republic,DOM,2013,15.01208467362448
1614,Dominican Republic,DOM,2014,14.998902879020129
1615,Dominican Republic,DOM,2015,14.99603971473168
1616,Dominican Republic,DOM,2016,14.99544394874289
1617,Dominican Republic,DOM,2017,14.989529762947102
1618,Dominican Republic,DOM,2018,15.010098430328918
1619,Dominican Republic,DOM,2019,15.03912021692754
1620,East Asia & Pacific (WB),,1990,11.52219974945445
1621,East Asia & Pacific (WB),,1991,11.58891679131702
1622,East Asia & Pacific (WB),,1992,11.6442302331577
1623,East Asia & Pacific (WB),,1993,11.68633033514448
1624,East Asia & Pacific (WB),,1994,11.71139050833873
1625,East Asia & Pacific (WB),,1995,11.71731113388456
1626,East Asia & Pacific (WB),,1996,11.70966459206736
1627,East Asia & Pacific (WB),,1997,11.69704507666696
1628,East Asia & Pacific (WB),,1998,11.67930642731562
1629,East Asia & Pacific (WB),,1999,11.65751129644073
1630,East Asia & Pacific (WB),,2000,11.63034049993101
1631,East Asia & Pacific (WB),,2001,11.59388354700925
1632,East Asia & Pacific (WB),,2002,11.545404037089089
1633,East Asia & Pacific (WB),,2003,11.49352507767582
1634,East Asia & Pacific (WB),,2004,11.44580717536746
1635,East Asia & Pacific (WB),,2005,11.40988166225175
1636,East Asia & Pacific (WB),,2006,11.38048714292555
1637,East Asia & Pacific (WB),,2007,11.34705903293932
1638,East Asia & Pacific (WB),,2008,11.312005724767973
1639,East Asia & Pacific (WB),,2009,11.27857074672561
1640,East Asia & Pacific (WB),,2010,11.25062595342826
1641,East Asia & Pacific (WB),,2011,11.222464456427833
1642,East Asia & Pacific (WB),,2012,11.18857747839212
1643,East Asia & Pacific (WB),,2013,11.15630174963132
1644,East Asia & Pacific (WB),,2014,11.13149743990948
1645,East Asia & Pacific (WB),,2015,11.12276588858113
1646,East Asia & Pacific (WB),,2016,11.14826106348916
1647,East Asia & Pacific (WB),,2017,11.17662930283991
1648,East Asia & Pacific (WB),,2018,11.17166055078929
1649,East Asia & Pacific (WB),,2019,11.1464883501378
1650,Eastern Mediterranean Region (WHO),,1990,15.06113773073896
1651,Eastern Mediterranean Region (WHO),,1991,15.04871188382014
1652,Eastern Mediterranean Region (WHO),,1992,15.03630417297721
1653,Eastern Mediterranean Region (WHO),,1993,15.03032130414127
1654,Eastern Mediterranean Region (WHO),,1994,15.02738257880826
1655,Eastern Mediterranean Region (WHO),,1995,15.02506468791576
1656,Eastern Mediterranean Region (WHO),,1996,15.02029158274266
1657,Eastern Mediterranean Region (WHO),,1997,15.01180323777051
1658,Eastern Mediterranean Region (WHO),,1998,14.999891859446
1659,Eastern Mediterranean Region (WHO),,1999,14.98673378578589
1660,Eastern Mediterranean Region (WHO),,2000,14.974169768030729
1661,Eastern Mediterranean Region (WHO),,2001,14.96616764635427
1662,Eastern Mediterranean Region (WHO),,2002,14.95992071285978
1663,Eastern Mediterranean Region (WHO),,2003,14.95287807180705
1664,Eastern Mediterranean Region (WHO),,2004,14.94429986318854
1665,Eastern Mediterranean Region (WHO),,2005,14.93442409740393
1666,Eastern Mediterranean Region (WHO),,2006,14.92903400956157
1667,Eastern Mediterranean Region (WHO),,2007,14.93485500878341
1668,Eastern Mediterranean Region (WHO),,2008,14.944966671011862
1669,Eastern Mediterranean Region (WHO),,2009,14.95270524622101
1670,Eastern Mediterranean Region (WHO),,2010,14.95072127887761
1671,Eastern Mediterranean Region (WHO),,2011,14.949603224162992
1672,Eastern Mediterranean Region (WHO),,2012,14.96519492376861
1673,Eastern Mediterranean Region (WHO),,2013,14.9856285527567
1674,Eastern Mediterranean Region (WHO),,2014,15.00061426429778
1675,Eastern Mediterranean Region (WHO),,2015,15.00077822822281
1676,Eastern Mediterranean Region (WHO),,2016,14.96387638417711
1677,Eastern Mediterranean Region (WHO),,2017,14.930411562738191
1678,Eastern Mediterranean Region (WHO),,2018,14.93590791558132
1679,Eastern Mediterranean Region (WHO),,2019,14.96074343495927
1680,Ecuador,ECU,1990,14.23996085081009
1681,Ecuador,ECU,1991,14.2091265282304
1682,Ecuador,ECU,1992,14.18422211291006
1683,Ecuador,ECU,1993,14.16484684892509
1684,Ecuador,ECU,1994,14.15634878525092
1685,Ecuador,ECU,1995,14.15275561124704
1686,Ecuador,ECU,1996,14.16503314446621
1687,Ecuador,ECU,1997,14.183365021916511
1688,Ecuador,ECU,1998,14.20292082411775
1689,Ecuador,ECU,1999,14.219587855840013
1690,Ecuador,ECU,2000,14.23490141933192
1691,Ecuador,ECU,2001,14.25447889131641
1692,Ecuador,ECU,2002,14.300008367444269
1693,Ecuador,ECU,2003,14.35970724149152
1694,Ecuador,ECU,2004,14.421798117286269
1695,Ecuador,ECU,2005,14.45641175689025
1696,Ecuador,ECU,2006,14.471374901679471
1697,Ecuador,ECU,2007,14.483932582351793
1698,Ecuador,ECU,2008,14.49694041336785
1699,Ecuador,ECU,2009,14.50590317484471
1700,Ecuador,ECU,2010,14.51487164937608
1701,Ecuador,ECU,2011,14.53561775662354
1702,Ecuador,ECU,2012,14.55821804843109
1703,Ecuador,ECU,2013,14.585434048333951
1704,Ecuador,ECU,2014,14.60606779968899
1705,Ecuador,ECU,2015,14.622236341281187
1706,Ecuador,ECU,2016,14.622976543714389
1707,Ecuador,ECU,2017,14.62010974807752
1708,Ecuador,ECU,2018,14.61038054489093
1709,Ecuador,ECU,2019,14.58815525610989
1710,Egypt,EGY,1990,14.87506314701874
1711,Egypt,EGY,1991,14.8860383157613
1712,Egypt,EGY,1992,14.8876662572624
1713,Egypt,EGY,1993,14.880740327411653
1714,Egypt,EGY,1994,14.8661482554047
1715,Egypt,EGY,1995,14.84531828225704
1716,Egypt,EGY,1996,14.75853894495992
1717,Egypt,EGY,1997,14.59434218860802
1718,Egypt,EGY,1998,14.40293464346609
1719,Egypt,EGY,1999,14.23825354088927
1720,Egypt,EGY,2000,14.15141541904354
1721,Egypt,EGY,2001,14.12996689589206
1722,Egypt,EGY,2002,14.1086618749458
1723,Egypt,EGY,2003,14.08911991366302
1724,Egypt,EGY,2004,14.06802554672232
1725,Egypt,EGY,2005,14.05033697819709
1726,Egypt,EGY,2006,14.074004823513931
1727,Egypt,EGY,2007,14.16014550761541
1728,Egypt,EGY,2008,14.27175672075538
1729,Egypt,EGY,2009,14.36896559315109
1730,Egypt,EGY,2010,14.411312107888168
1731,Egypt,EGY,2011,14.42814096104746
1732,Egypt,EGY,2012,14.47535085264702
1733,Egypt,EGY,2013,14.52752927749563
1734,Egypt,EGY,2014,14.56544964182545
1735,Egypt,EGY,2015,14.57970089147712
1736,Egypt,EGY,2016,14.562205678120211
1737,Egypt,EGY,2017,14.54883579820932
1738,Egypt,EGY,2018,14.5531394804964
1739,Egypt,EGY,2019,14.58079800098706
1740,El Salvador,SLV,1990,13.24010696823878
1741,El Salvador,SLV,1991,13.244292095254153
1742,El Salvador,SLV,1992,13.24591840933711
1743,El Salvador,SLV,1993,13.244230652723449
1744,El Salvador,SLV,1994,13.24233674736397
1745,El Salvador,SLV,1995,13.238943515006673
1746,El Salvador,SLV,1996,13.232715360320327
1747,El Salvador,SLV,1997,13.21935191230387
1748,El Salvador,SLV,1998,13.208182481725238
1749,El Salvador,SLV,1999,13.199856349820442
1750,El Salvador,SLV,2000,13.1951875727401
1751,El Salvador,SLV,2001,13.19710915107458
1752,El Salvador,SLV,2002,13.204262077213972
1753,El Salvador,SLV,2003,13.211275737397129
1754,El Salvador,SLV,2004,13.21471638512639
1755,El Salvador,SLV,2005,13.214699804605631
1756,El Salvador,SLV,2006,13.214186085134813
1757,El Salvador,SLV,2007,13.215680975211267
1758,El Salvador,SLV,2008,13.217510103676968
1759,El Salvador,SLV,2009,13.2219659814634
1760,El Salvador,SLV,2010,13.225764862218467
1761,El Salvador,SLV,2011,13.22804186379826
1762,El Salvador,SLV,2012,13.23482805059043
1763,El Salvador,SLV,2013,13.238455130928232
1764,El Salvador,SLV,2014,13.245832738531671
1765,El Salvador,SLV,2015,13.250969771441
1766,El Salvador,SLV,2016,13.25614437987355
1767,El Salvador,SLV,2017,13.26053026543291
1768,El Salvador,SLV,2018,13.2578747441202
1769,El Salvador,SLV,2019,13.24409319317457
1770,England,,1990,15.10807205000481
1771,England,,1991,15.07461911688038
1772,England,,1992,15.04339791979967
1773,England,,1993,15.015496187434598
1774,England,,1994,14.99473786907555
1775,England,,1995,14.98296568040382
1776,England,,1996,14.9728642898287
1777,England,,1997,14.9557778062141
1778,England,,1998,14.936264510155109
1779,England,,1999,14.91710679140141
1780,England,,2000,14.901194632835091
1781,England,,2001,14.8700399258637
1782,England,,2002,14.81329890690313
1783,England,,2003,14.74809256599508
1784,England,,2004,14.69204113480965
1785,England,,2005,14.6628710189925
1786,England,,2006,14.68622621047117
1787,England,,2007,14.75949970895385
1788,England,,2008,14.85506678482926
1789,England,,2009,14.94373409007972
1790,England,,2010,14.9984268321692
1791,England,,2011,15.05704530491305
1792,England,,2012,15.15807679791233
1793,England,,2013,15.269238489571691
1794,England,,2014,15.359062181649849
1795,England,,2015,15.39574657506625
1796,England,,2016,15.326183474384388
1797,England,,2017,15.25478332890109
1798,England,,2018,15.239700539216038
1799,England,,2019,15.218802431405951
1800,Equatorial Guinea,GNQ,1990,13.890167572969233
1801,Equatorial Guinea,GNQ,1991,13.87750369372407
1802,Equatorial Guinea,GNQ,1992,13.86575386411327
1803,Equatorial Guinea,GNQ,1993,13.85082951550535
1804,Equatorial Guinea,GNQ,1994,13.83247044145749
1805,Equatorial Guinea,GNQ,1995,13.81663600452933
1806,Equatorial Guinea,GNQ,1996,13.76181907824109
1807,Equatorial Guinea,GNQ,1997,13.66001267233484
1808,Equatorial Guinea,GNQ,1998,13.538263844568
1809,Equatorial Guinea,GNQ,1999,13.422116987310789
1810,Equatorial Guinea,GNQ,2000,13.34152072337872
1811,Equatorial Guinea,GNQ,2001,13.290081555360867
1812,Equatorial Guinea,GNQ,2002,13.22975148534548
1813,Equatorial Guinea,GNQ,2003,13.18356488660067
1814,Equatorial Guinea,GNQ,2004,13.14908105058555
1815,Equatorial Guinea,GNQ,2005,13.132946784096749
1816,Equatorial Guinea,GNQ,2006,13.13012522729349
1817,Equatorial Guinea,GNQ,2007,13.13469950758801
1818,Equatorial Guinea,GNQ,2008,13.14878690030549
1819,Equatorial Guinea,GNQ,2009,13.16041704189788
1820,Equatorial Guinea,GNQ,2010,13.16937404384374
1821,Equatorial Guinea,GNQ,2011,13.17053857135032
1822,Equatorial Guinea,GNQ,2012,13.18069761703416
1823,Equatorial Guinea,GNQ,2013,13.18938785151559
1824,Equatorial Guinea,GNQ,2014,13.192135689447602
1825,Equatorial Guinea,GNQ,2015,13.19367425261207
1826,Equatorial Guinea,GNQ,2016,13.1877486437281
1827,Equatorial Guinea,GNQ,2017,13.18147748220281
1828,Equatorial Guinea,GNQ,2018,13.186359513584453
1829,Equatorial Guinea,GNQ,2019,13.20787082082861
1830,Eritrea,ERI,1990,13.31365448366909
1831,Eritrea,ERI,1991,13.26069112639046
1832,Eritrea,ERI,1992,13.21166216183321
1833,Eritrea,ERI,1993,13.16304755892263
1834,Eritrea,ERI,1994,13.11227593978981
1835,Eritrea,ERI,1995,13.07040315025994
1836,Eritrea,ERI,1996,13.02335934898762
1837,Eritrea,ERI,1997,12.9688301599211
1838,Eritrea,ERI,1998,12.91791917124957
1839,Eritrea,ERI,1999,12.88101911177024
1840,Eritrea,ERI,2000,12.8626221044914
1841,Eritrea,ERI,2001,12.860391040627569
1842,Eritrea,ERI,2002,12.85586609731614
1843,Eritrea,ERI,2003,12.84893769999318
1844,Eritrea,ERI,2004,12.84416825378358
1845,Eritrea,ERI,2005,12.83862465962396
1846,Eritrea,ERI,2006,12.836328915998498
1847,Eritrea,ERI,2007,12.83896556720955
1848,Eritrea,ERI,2008,12.84504516976677
1849,Eritrea,ERI,2009,12.84818653951535
1850,Eritrea,ERI,2010,12.850700349604727
1851,Eritrea,ERI,2011,12.85544435812784
1852,Eritrea,ERI,2012,12.86577947570542
1853,Eritrea,ERI,2013,12.87299827858286
1854,Eritrea,ERI,2014,12.88374495012208
1855,Eritrea,ERI,2015,12.89048256170921
1856,Eritrea,ERI,2016,12.90417236538881
1857,Eritrea,ERI,2017,12.91720604716623
1858,Eritrea,ERI,2018,12.920925987644411
1859,Eritrea,ERI,2019,12.92289676719863
1860,Estonia,EST,1990,13.19430854448782
1861,Estonia,EST,1991,13.18599202051426
1862,Estonia,EST,1992,13.181577349420328
1863,Estonia,EST,1993,13.181499651079582
1864,Estonia,EST,1994,13.17925557961645
1865,Estonia,EST,1995,13.181730275581192
1866,Estonia,EST,1996,13.183354011814467
1867,Estonia,EST,1997,13.18967592819802
1868,Estonia,EST,1998,13.19570416747154
1869,Estonia,EST,1999,13.18849751105553
1870,Estonia,EST,2000,13.17087578854978
1871,Estonia,EST,2001,13.120828086661987
1872,Estonia,EST,2002,13.03229867597257
1873,Estonia,EST,2003,12.9274835192814
1874,Estonia,EST,2004,12.820458214889069
1875,Estonia,EST,2005,12.72805036068402
1876,Estonia,EST,2006,12.65284553897654
1877,Estonia,EST,2007,12.57566202339272
1878,Estonia,EST,2008,12.50335929546928
1879,Estonia,EST,2009,12.43738731854909
1880,Estonia,EST,2010,12.38816188176118
1881,Estonia,EST,2011,12.34377398477802
1882,Estonia,EST,2012,12.30301386218092
1883,Estonia,EST,2013,12.26713000758942
1884,Estonia,EST,2014,12.23710892160669
1885,Estonia,EST,2015,12.21549156593201
1886,Estonia,EST,2016,12.19832224836608
1887,Estonia,EST,2017,12.18195394646984
1888,Estonia,EST,2018,12.18310333718865
1889,Estonia,EST,2019,12.194628755419613
1890,Eswatini,SWZ,1990,11.49478265587675
1891,Eswatini,SWZ,1991,11.50156894312587
1892,Eswatini,SWZ,1992,11.51233257553255
1893,Eswatini,SWZ,1993,11.51676460102625
1894,Eswatini,SWZ,1994,11.52265260802368
1895,Eswatini,SWZ,1995,11.53063496770735
1896,Eswatini,SWZ,1996,11.54752739590513
1897,Eswatini,SWZ,1997,11.57840894404603
1898,Eswatini,SWZ,1998,11.6220530751247
1899,Eswatini,SWZ,1999,11.661407883553167
1900,Eswatini,SWZ,2000,11.68995717564639
1901,Eswatini,SWZ,2001,11.70876889247992
1902,Eswatini,SWZ,2002,11.73531964909826
1903,Eswatini,SWZ,2003,11.75923184303569
1904,Eswatini,SWZ,2004,11.78220587396246
1905,Eswatini,SWZ,2005,11.79526268819197
1906,Eswatini,SWZ,2006,11.80866514459096
1907,Eswatini,SWZ,2007,11.81662676256829
1908,Eswatini,SWZ,2008,11.82508573796607
1909,Eswatini,SWZ,2009,11.83624928589385
1910,Eswatini,SWZ,2010,11.845162022888353
1911,Eswatini,SWZ,2011,11.85816523512806
1912,Eswatini,SWZ,2012,11.870564951443969
1913,Eswatini,SWZ,2013,11.89208522667052
1914,Eswatini,SWZ,2014,11.90733962008358
1915,Eswatini,SWZ,2015,11.92244502656062
1916,Eswatini,SWZ,2016,11.942962158666967
1917,Eswatini,SWZ,2017,11.96137444119046
1918,Eswatini,SWZ,2018,11.9527508532382
1919,Eswatini,SWZ,2019,11.93273924515627
1920,Ethiopia,ETH,1990,13.41699643005696
1921,Ethiopia,ETH,1991,13.41214716168282
1922,Ethiopia,ETH,1992,13.40950835455455
1923,Ethiopia,ETH,1993,13.40825503223592
1924,Ethiopia,ETH,1994,13.40923446259962
1925,Ethiopia,ETH,1995,13.40858688594008
1926,Ethiopia,ETH,1996,13.41771556242612
1927,Ethiopia,ETH,1997,13.43777542126585
1928,Ethiopia,ETH,1998,13.45823949127205
1929,Ethiopia,ETH,1999,13.47302473779839
1930,Ethiopia,ETH,2000,13.471789903420431
1931,Ethiopia,ETH,2001,13.44067260329008
1932,Ethiopia,ETH,2002,13.379616312613528
1933,Ethiopia,ETH,2003,13.306147869341208
1934,Ethiopia,ETH,2004,13.23863336428674
1935,Ethiopia,ETH,2005,13.19182288240578
1936,Ethiopia,ETH,2006,13.14945920058817
1937,Ethiopia,ETH,2007,13.08556773771184
1938,Ethiopia,ETH,2008,13.00771604560293
1939,Ethiopia,ETH,2009,12.930744492324738
1940,Ethiopia,ETH,2010,12.859549238996578
1941,Ethiopia,ETH,2011,12.791779362566
1942,Ethiopia,ETH,2012,12.71723940797689
1943,Ethiopia,ETH,2013,12.64327668254801
1944,Ethiopia,ETH,2014,12.58020382073323
1945,Ethiopia,ETH,2015,12.53499297240592
1946,Ethiopia,ETH,2016,12.51938293826944
1947,Ethiopia,ETH,2017,12.50600217058437
1948,Ethiopia,ETH,2018,12.49109937060702
1949,Ethiopia,ETH,2019,12.47839029910996
1950,Europe & Central Asia (WB),,1990,13.59303540425097
1951,Europe & Central Asia (WB),,1991,13.587712451440078
1952,Europe & Central Asia (WB),,1992,13.58315623331488
1953,Europe & Central Asia (WB),,1993,13.57981115982955
1954,Europe & Central Asia (WB),,1994,13.57820339591358
1955,Europe & Central Asia (WB),,1995,13.578412372837509
1956,Europe & Central Asia (WB),,1996,13.58645171893781
1957,Europe & Central Asia (WB),,1997,13.604323449374489
1958,Europe & Central Asia (WB),,1998,13.62509757567388
1959,Europe & Central Asia (WB),,1999,13.642696046074407
1960,Europe & Central Asia (WB),,2000,13.65134214375752
1961,Europe & Central Asia (WB),,2001,13.65134992251755
1962,Europe & Central Asia (WB),,2002,13.6476748301792
1963,Europe & Central Asia (WB),,2003,13.64141348171532
1964,Europe & Central Asia (WB),,2004,13.636899784260152
1965,Europe & Central Asia (WB),,2005,13.63373452028995
1966,Europe & Central Asia (WB),,2006,13.63985995108876
1967,Europe & Central Asia (WB),,2007,13.655922011861213
1968,Europe & Central Asia (WB),,2008,13.6757861353893
1969,Europe & Central Asia (WB),,2009,13.69283751170488
1970,Europe & Central Asia (WB),,2010,13.70203249311558
1971,Europe & Central Asia (WB),,2011,13.70870632353638
1972,Europe & Central Asia (WB),,2012,13.71884113781249
1973,Europe & Central Asia (WB),,2013,13.72861188780082
1974,Europe & Central Asia (WB),,2014,13.73627250317035
1975,Europe & Central Asia (WB),,2015,13.73815758567431
1976,Europe & Central Asia (WB),,2016,13.72053515801862
1977,Europe & Central Asia (WB),,2017,13.6996305504091
1978,Europe & Central Asia (WB),,2018,13.67995353075812
1979,Europe & Central Asia (WB),,2019,13.65172386085312
1980,European Region (WHO),,1990,13.595511107008951
1981,European Region (WHO),,1991,13.590973938084533
1982,European Region (WHO),,1992,13.58718939301582
1983,European Region (WHO),,1993,13.58453304520572
1984,European Region (WHO),,1994,13.58350169084036
1985,European Region (WHO),,1995,13.58409371243163
1986,European Region (WHO),,1996,13.591978107183108
1987,European Region (WHO),,1997,13.60895573525851
1988,European Region (WHO),,1998,13.62853907929312
1989,European Region (WHO),,1999,13.64553039906104
1990,European Region (WHO),,2000,13.654106111792668
1991,European Region (WHO),,2001,13.65409066126496
1992,European Region (WHO),,2002,13.65024318771398
1993,European Region (WHO),,2003,13.64391507589559
1994,European Region (WHO),,2004,13.63930974673219
1995,European Region (WHO),,2005,13.63614336258823
1996,European Region (WHO),,2006,13.64264214967534
1997,European Region (WHO),,2007,13.659551012295152
1998,European Region (WHO),,2008,13.68040913651126
1999,European Region (WHO),,2009,13.69830396615579
2000,European Region (WHO),,2010,13.7078278091543
2001,European Region (WHO),,2011,13.71418204893041
2002,European Region (WHO),,2012,13.723518025063012
2003,European Region (WHO),,2013,13.73241310288956
2004,European Region (WHO),,2014,13.739346471745309
2005,European Region (WHO),,2015,13.740892713453
2006,European Region (WHO),,2016,13.7237475867568
2007,European Region (WHO),,2017,13.70347615990262
2008,European Region (WHO),,2018,13.68431380615931
2009,European Region (WHO),,2019,13.65683658860086
2010,Fiji,FJI,1990,11.50618637040004
2011,Fiji,FJI,1991,11.51459639761245
2012,Fiji,FJI,1992,11.5216056528308
2013,Fiji,FJI,1993,11.527710358617869
2014,Fiji,FJI,1994,11.5309828678185
2015,Fiji,FJI,1995,11.53042766165535
2016,Fiji,FJI,1996,11.52055849896937
2017,Fiji,FJI,1997,11.50051592234914
2018,Fiji,FJI,1998,11.47394135361305
2019,Fiji,FJI,1999,11.45480254746846
2020,Fiji,FJI,2000,11.44233374363151
2021,Fiji,FJI,2001,11.43601134849558
2022,Fiji,FJI,2002,11.43140985432238
2023,Fiji,FJI,2003,11.42657186274005
2024,Fiji,FJI,2004,11.42320402550057
2025,Fiji,FJI,2005,11.42168406665089
2026,Fiji,FJI,2006,11.43309714328424
2027,Fiji,FJI,2007,11.458293897550613
2028,Fiji,FJI,2008,11.49489768727935
2029,Fiji,FJI,2009,11.5227084582233
2030,Fiji,FJI,2010,11.53828758478803
2031,Fiji,FJI,2011,11.54042768363167
2032,Fiji,FJI,2012,11.54038149000614
2033,Fiji,FJI,2013,11.545058255972547
2034,Fiji,FJI,2014,11.5431365159109
2035,Fiji,FJI,2015,11.5436369287624
2036,Fiji,FJI,2016,11.533994624573127
2037,Fiji,FJI,2017,11.52145421021141
2038,Fiji,FJI,2018,11.52777001324772
2039,Fiji,FJI,2019,11.54004811166231
2040,Finland,FIN,1990,16.27654464817957
2041,Finland,FIN,1991,16.00997742257127
2042,Finland,FIN,1992,15.775214310863287
2043,Finland,FIN,1993,15.58033699479828
2044,Finland,FIN,1994,15.436730130801598
2045,Finland,FIN,1995,15.35395365677201
2046,Finland,FIN,1996,15.32599184189091
2047,Finland,FIN,1997,15.32300553396648
2048,Finland,FIN,1998,15.33613558642238
2049,Finland,FIN,1999,15.34546067194733
2050,Finland,FIN,2000,15.34172306980135
2051,Finland,FIN,2001,15.2858463799926
2052,Finland,FIN,2002,15.178661486090538
2053,Finland,FIN,2003,15.05245185762214
2054,Finland,FIN,2004,14.94440667556311
2055,Finland,FIN,2005,14.89395493760283
2056,Finland,FIN,2006,14.93096733354701
2057,Finland,FIN,2007,15.026315111420413
2058,Finland,FIN,2008,15.14636078766257
2059,Finland,FIN,2009,15.24527141793604
2060,Finland,FIN,2010,15.28034795423731
2061,Finland,FIN,2011,15.24587686965402
2062,Finland,FIN,2012,15.17467291180199
2063,Finland,FIN,2013,15.0897458327628
2064,Finland,FIN,2014,15.01872918259716
2065,Finland,FIN,2015,14.98095161480428
2066,Finland,FIN,2016,14.928202210838329
2067,Finland,FIN,2017,14.8764639194901
2068,Finland,FIN,2018,14.904112599027531
2069,Finland,FIN,2019,14.96401730443336
2070,France,FRA,1990,16.977795604247937
2071,France,FRA,1991,16.91298261782341
2072,France,FRA,1992,16.864251728070258
2073,France,FRA,1993,16.83376069693985
2074,France,FRA,1994,16.81642634247757
2075,France,FRA,1995,16.81187977073554
2076,France,FRA,1996,16.85213563626286
2077,France,FRA,1997,16.94647330275424
2078,France,FRA,1998,17.06222884408793
2079,France,FRA,1999,17.16328802730095
2080,France,FRA,2000,17.2151967515317
2081,France,FRA,2001,17.22574136960731
2082,France,FRA,2002,17.21666437806283
2083,France,FRA,2003,17.19453666998086
2084,France,FRA,2004,17.17470848559739
2085,France,FRA,2005,17.15750149388133
2086,France,FRA,2006,17.11103649842051
2087,France,FRA,2007,17.02408199213527
2088,France,FRA,2008,16.923180413032902
2089,France,FRA,2009,16.834417464544043
2090,France,FRA,2010,16.78829287646037
2091,France,FRA,2011,16.76626045401662
2092,France,FRA,2012,16.72828235609786
2093,France,FRA,2013,16.68764502823954
2094,France,FRA,2014,16.65298207364988
2095,France,FRA,2015,16.63925573860026
2096,France,FRA,2016,16.6408325589408
2097,France,FRA,2017,16.64263703714861
2098,France,FRA,2018,16.63718330754719
2099,France,FRA,2019,16.63237223880752
2100,G20,,1990,13.02279674672302
2101,G20,,1991,13.088191877940533
2102,G20,,1992,13.14486003352478
2103,G20,,1993,13.19015131920516
2104,G20,,1994,13.22119491976724
2105,G20,,1995,13.234089692491647
2106,G20,,1996,13.24300239433864
2107,G20,,1997,13.25890413525547
2108,G20,,1998,13.27581809568867
2109,G20,,1999,13.28936967145515
2110,G20,,2000,13.294203554763358
2111,G20,,2001,13.29138428410792
2112,G20,,2002,13.28397468602938
2113,G20,,2003,13.273798333637329
2114,G20,,2004,13.2632395082605
2115,G20,,2005,13.252546714998282
2116,G20,,2006,13.23262964166647
2117,G20,,2007,13.19791757646981
2118,G20,,2008,13.1576924540312
2119,G20,,2009,13.12170031484784
2120,G20,,2010,13.099470148119993
2121,G20,,2011,13.080337296181971
2122,G20,,2012,13.05043655883258
2123,G20,,2013,13.01878994066372
2124,G20,,2014,12.994026064100032
2125,G20,,2015,12.98417339047872
2126,G20,,2016,12.995430432446762
2127,G20,,2017,13.007513605177328
2128,G20,,2018,13.00061891509208
2129,G20,,2019,12.97979933863648
2130,Gabon,GAB,1990,13.130672677513742
2131,Gabon,GAB,1991,13.131621050103078
2132,Gabon,GAB,1992,13.13126930727255
2133,Gabon,GAB,1993,13.13496027486735
2134,Gabon,GAB,1994,13.135986345950831
2135,Gabon,GAB,1995,13.13933586051558
2136,Gabon,GAB,1996,13.14911707774582
2137,Gabon,GAB,1997,13.15873607691297
2138,Gabon,GAB,1998,13.174392472361578
2139,Gabon,GAB,1999,13.184611645483828
2140,Gabon,GAB,2000,13.18839968076573
2141,Gabon,GAB,2001,13.19424007731251
2142,Gabon,GAB,2002,13.20110551632826
2143,Gabon,GAB,2003,13.20232399669092
2144,Gabon,GAB,2004,13.20609370794604
2145,Gabon,GAB,2005,13.20157813829712
2146,Gabon,GAB,2006,13.18738989794404
2147,Gabon,GAB,2007,13.155104854245469
2148,Gabon,GAB,2008,13.11771332457673
2149,Gabon,GAB,2009,13.0870565751233
2150,Gabon,GAB,2010,13.07001265729033
2151,Gabon,GAB,2011,13.070915490689089
2152,Gabon,GAB,2012,13.06805780577814
2153,Gabon,GAB,2013,13.07605950059671
2154,Gabon,GAB,2014,13.08299566419938
2155,Gabon,GAB,2015,13.08907591719904
2156,Gabon,GAB,2016,13.1069869144167
2157,Gabon,GAB,2017,13.12584999219828
2158,Gabon,GAB,2018,13.12578889016894
2159,Gabon,GAB,2019,13.111850415478198
2160,Gambia,GMB,1990,12.81588008167154
2161,Gambia,GMB,1991,12.87408343591154
2162,Gambia,GMB,1992,12.92652653895289
2163,Gambia,GMB,1993,12.97298915675581
2164,Gambia,GMB,1994,13.01103506754721
2165,Gambia,GMB,1995,13.031228924101027
2166,Gambia,GMB,1996,13.04862254647234
2167,Gambia,GMB,1997,13.06165919628228
2168,Gambia,GMB,1998,13.07427929803544
2169,Gambia,GMB,1999,13.08555904172106
2170,Gambia,GMB,2000,13.097502198362951
2171,Gambia,GMB,2001,13.109609766854572
2172,Gambia,GMB,2002,13.11735035615321
2173,Gambia,GMB,2003,13.127184959270547
2174,Gambia,GMB,2004,13.130569913141098
2175,Gambia,GMB,2005,13.124242711792231
2176,Gambia,GMB,2006,13.0982673778942
2177,Gambia,GMB,2007,13.048628524195848
2178,Gambia,GMB,2008,12.98808241828047
2179,Gambia,GMB,2009,12.94195653608001
2180,Gambia,GMB,2010,12.9146274341339
2181,Gambia,GMB,2011,12.91593801887706
2182,Gambia,GMB,2012,12.92408854249619
2183,Gambia,GMB,2013,12.9347252625684
2184,Gambia,GMB,2014,12.944162299682398
2185,Gambia,GMB,2015,12.953253078247378
2186,Gambia,GMB,2016,12.96825840137955
2187,Gambia,GMB,2017,12.97503562025918
2188,Gambia,GMB,2018,12.999937188142267
2189,Gambia,GMB,2019,13.048144501104812
2190,Georgia,GEO,1990,10.96014716187962
2191,Georgia,GEO,1991,11.00385833036015
2192,Georgia,GEO,1992,11.05387146063056
2193,Georgia,GEO,1993,11.10095452738192
2194,Georgia,GEO,1994,11.1496279285325
2195,Georgia,GEO,1995,11.20146762472772
2196,Georgia,GEO,1996,11.258033976551369
2197,Georgia,GEO,1997,11.32722176166354
2198,Georgia,GEO,1998,11.39491665002131
2199,Georgia,GEO,1999,11.44413916676457
2200,Georgia,GEO,2000,11.46636693318518
2201,Georgia,GEO,2001,11.46214234498343
2202,Georgia,GEO,2002,11.44039353732734
2203,Georgia,GEO,2003,11.408028827491
2204,Georgia,GEO,2004,11.3769849919901
2205,Georgia,GEO,2005,11.3441275304366
2206,Georgia,GEO,2006,11.30210712848235
2207,Georgia,GEO,2007,11.243130211000253
2208,Georgia,GEO,2008,11.18268049869542
2209,Georgia,GEO,2009,11.12747000556479
2210,Georgia,GEO,2010,11.0928258923628
2211,Georgia,GEO,2011,11.06762935424892
2212,Georgia,GEO,2012,11.05221979583322
2213,Georgia,GEO,2013,11.04020696432667
2214,Georgia,GEO,2014,11.0279180761053
2215,Georgia,GEO,2015,11.0169171427855
2216,Georgia,GEO,2016,11.00345930116116
2217,Georgia,GEO,2017,10.99425629670756
2218,Georgia,GEO,2018,11.00910960572924
2219,Georgia,GEO,2019,11.05533740597836
2220,Germany,DEU,1990,14.39566491098071
2221,Germany,DEU,1991,14.42765407117507
2222,Germany,DEU,1992,14.459100886864128
2223,Germany,DEU,1993,14.48984566221497
2224,Germany,DEU,1994,14.50930948011721
2225,Germany,DEU,1995,14.51826866333242
2226,Germany,DEU,1996,14.52514839265876
2227,Germany,DEU,1997,14.54918242623086
2228,Germany,DEU,1998,14.57353597162922
2229,Germany,DEU,1999,14.59357172187816
2230,Germany,DEU,2000,14.601952168888449
2231,Germany,DEU,2001,14.63212843183392
2232,Germany,DEU,2002,14.7045664281976
2233,Germany,DEU,2003,14.78830604247641
2234,Germany,DEU,2004,14.86430996672287
2235,Germany,DEU,2005,14.898833711205553
2236,Germany,DEU,2006,14.93020922843274
2237,Germany,DEU,2007,14.994970229770011
2238,Germany,DEU,2008,15.07612921094402
2239,Germany,DEU,2009,15.13942204244852
2240,Germany,DEU,2010,15.1759468511686
2241,Germany,DEU,2011,15.18341557175352
2242,Germany,DEU,2012,15.20331861442762
2243,Germany,DEU,2013,15.21521164312244
2244,Germany,DEU,2014,15.22465035430951
2245,Germany,DEU,2015,15.22788799484557
2246,Germany,DEU,2016,15.17141716699681
2247,Germany,DEU,2017,15.10134299303032
2248,Germany,DEU,2018,15.058288605816289
2249,Germany,DEU,2019,15.00078995899444
2250,Ghana,GHA,1990,11.454928048837033
2251,Ghana,GHA,1991,11.449019937381047
2252,Ghana,GHA,1992,11.44161569496098
2253,Ghana,GHA,1993,11.43832465622757
2254,Ghana,GHA,1994,11.43513647335449
2255,Ghana,GHA,1995,11.43027538856089
2256,Ghana,GHA,1996,11.43023413007024
2257,Ghana,GHA,1997,11.42870217059677
2258,Ghana,GHA,1998,11.42780132615103
2259,Ghana,GHA,1999,11.42865283777298
